transaction_id,customer_id,order_date,price,quantity,discount,total_amount
TX0205003,STD_1721031591,2024-09-12T12:32:05.000+07:00,485.85,10,0.02,4761.33
TX0207085,STD_1721031591,2024-08-02T12:32:05.000+07:00,469.43,9,0.03,4098.124
TX0174224,STD_1721031591,2024-11-04T12:32:04.000+07:00,460.65,9,0.0,4145.85
TX0249870,STD_1721031591,2024-10-28T12:32:05.000+07:00,432.49,10,0.03,4195.153
TX0167556,STD_1721031591,2025-02-21T12:32:04.000+07:00,471.37,10,0.07,4383.741
TX0084428,STD_1721031591,2024-12-12T12:32:02.000+07:00,469.44,10,0.15,3990.24
TX0004986,STD_1721031591,2024-08-19T12:32:01.000+07:00,458.31,10,0.04,4399.776
TX0066141,STD_1721031591,2024-06-16T12:32:02.000+07:00,491.07,10,0.08,4517.844
TX0059932,STD_1721031591,2024-11-13T12:32:02.000+07:00,490.2,10,0.04,4705.92
TX0027221,STD_1721031591,2024-05-05T12:32:01.000+07:00,497.18,10,0.03,4822.646
TX0203030,STD_1721031591,2024-06-13T12:32:04.000+07:00,443.48,10,0.08,4080.0164
TX0260328,STD_1721031591,2024-09-15T12:32:05.000+07:00,450.52,10,0.1,4054.6797
TX0050978,STD_1721031591,2024-08-03T12:32:01.000+07:00,463.75,10,0.14,3988.25
TX0048658,STD_1721031591,2024-09-20T12:32:01.000+07:00,460.44,10,0.04,4420.2236
TX0123086,STD_1721031591,2024-09-15T12:32:03.000+07:00,462.15,10,0.13,4020.705
TX0069745,STD_1721031591,2024-05-28T12:32:02.000+07:00,448.9,10,0.02,4399.22
TX0247312,STD_1721031591,2024-09-09T12:32:05.000+07:00,490.45,10,0.1,4414.05
TX0080214,STD_1721031591,2024-09-21T12:32:02.000+07:00,490.67,10,0.08,4514.164
TX0090637,STD_1721031591,2024-08-31T12:32:02.000+07:00,481.2,10,0.07,4475.16
TX0078113,STD_1721031591,2025-01-26T12:32:02.000+07:00,430.71,10,0.07,4005.603
TX0119086,STD_1721031591,2024-10-15T12:32:03.000+07:00,476.42,10,0.03,4621.2744
TX0176992,STD_1721031591,2024-10-23T12:32:04.000+07:00,458.9,10,0.05,4359.55
TX0226813,STD_1721031591,2024-04-21T12:32:05.000+07:00,491.15,10,0.0,4911.5
TX0157661,STD_1721031591,2024-12-11T12:32:04.000+07:00,476.79,10,0.12,4195.752
TX0115117,STD_1721031591,2025-02-08T12:32:03.000+07:00,419.92,10,0.05,3989.2402
TX0213396,STD_1721031591,2024-06-04T12:32:05.000+07:00,487.28,9,0.03,4253.9546
TX0134128,STD_1721031591,2024-11-18T12:32:03.000+07:00,499.68,10,0.08,4597.0557
TX0108528,STD_1721031591,2024-07-18T12:32:03.000+07:00,479.17,10,0.11,4264.6133
TX0050686,STD_1721031591,2024-06-23T12:32:01.000+07:00,491.09,10,0.09,4468.919
TX0110369,STD_1721031591,2024-10-06T12:32:03.000+07:00,497.16,9,0.05,4250.718
TX0135734,STD_1721031591,2024-04-13T12:32:03.000+07:00,446.06,10,0.05,4237.57
TX0241103,STD_1721031591,2025-03-05T12:32:05.000+07:00,465.57,10,0.05,4422.915
TX0265084,STD_1721031591,2024-11-13T12:32:06.000+07:00,416.75,10,0.04,4000.7998
TX0223114,STD_1721031591,2024-08-28T12:32:05.000+07:00,455.35,10,0.02,4462.43
TX0189571,STD_1721031591,2024-11-13T12:32:04.000+07:00,474.99,10,0.14,4084.914
TX0223824,STD_1721031591,2024-10-28T12:32:05.000+07:00,457.99,10,0.09,4167.709
TX0138333,STD_1721031591,2025-03-09T12:32:03.000+07:00,421.76,10,0.01,4175.4243
TX0110351,STD_1721031591,2024-04-09T12:32:03.000+07:00,482.78,10,0.09,4393.298
TX0197230,STD_1721031591,2024-12-16T12:32:04.000+07:00,482.74,10,0.16,4055.016
TX0257755,STD_1721031591,2024-10-03T12:32:05.000+07:00,493.82,9,0.0,4444.38
TX0186100,STD_1721031591,2024-04-16T12:32:04.000+07:00,489.35,9,0.02,4316.067
TX0206567,STD_1721031591,2025-03-24T12:32:05.000+07:00,476.18,10,0.09,4333.238
TX0261995,STD_1721031591,2024-10-14T12:32:06.000+07:00,477.4,10,0.1,4296.6
TX0206581,STD_1721031591,2024-05-22T12:32:05.000+07:00,420.78,10,0.03,4081.566
TX0183431,STD_1721031591,2024-04-23T12:32:04.000+07:00,453.02,10,0.09,4122.4814
TX0251553,STD_1721031591,2024-05-15T12:32:05.000+07:00,471.42,9,0.01,4200.3525
TX0147898,STD_1721031591,2024-05-20T12:32:03.000+07:00,457.38,9,0.02,4034.0916
TX0138802,STD_1721031591,2024-05-14T12:32:03.000+07:00,427.93,10,0.01,4236.507
TX0236455,STD_1721031591,2024-08-08T12:32:05.000+07:00,499.1,10,0.01,4941.09
TX0150340,STD_1721031591,2024-04-15T12:32:04.000+07:00,453.99,10,0.03,4403.703
TX0019374,STD_1721031591,2024-09-01T12:32:01.000+07:00,442.74,10,0.03,4294.578
TX0150933,STD_1721031591,2025-03-10T12:32:04.000+07:00,483.86,10,0.11,4306.3535
TX0136984,STD_1721031591,2024-09-23T12:32:03.000+07:00,490.19,10,0.17,4068.577
TX0219673,STD_1721031591,2024-07-23T12:32:05.000+07:00,447.18,10,0.05,4248.21
TX0154648,STD_1721031591,2024-08-02T12:32:04.000+07:00,451.36,10,0.06,4242.7837
TX0010067,STD_1721031591,2025-02-21T12:32:01.000+07:00,457.01,10,0.07,4250.1934
TX0106261,STD_1721031591,2024-10-30T12:32:03.000+07:00,493.81,10,0.04,4740.576
TX0138057,STD_1721031591,2024-06-07T12:32:03.000+07:00,424.26,10,0.02,4157.748
TX0154940,STD_1721031591,2025-03-04T12:32:04.000+07:00,436.43,10,0.07,4058.7988
TX0113715,STD_1721031591,2024-06-01T12:32:03.000+07:00,470.99,10,0.15,4003.415
TX0057030,STD_1721031591,2024-05-15T12:32:02.000+07:00,496.65,9,0.07,4156.9604
TX0118610,STD_1721031591,2024-09-24T12:32:03.000+07:00,487.14,10,0.01,4822.6865
TX0020805,STD_1721031591,2024-09-05T12:32:01.000+07:00,467.59,9,0.02,4124.144
TX0054031,STD_1721031591,2024-08-13T12:32:02.000+07:00,491.69,10,0.1,4425.21
TX0153047,STD_1721031591,2024-10-07T12:32:04.000+07:00,447.56,10,0.02,4386.0884
TX0231806,STD_1721031591,2024-06-01T12:32:05.000+07:00,430.24,10,0.03,4173.328
TX0161920,STD_1721031591,2024-08-13T12:32:04.000+07:00,469.33,9,0.01,4181.73
TX0119547,STD_1721031591,2024-11-12T12:32:03.000+07:00,499.57,10,0.19,4046.517
TX0107541,STD_1721031591,2024-06-06T12:32:03.000+07:00,499.82,10,0.1,4498.38
TX0040671,STD_1721031591,2024-06-11T12:32:01.000+07:00,491.05,9,0.06,4154.2827
TX0063098,STD_1721031591,2024-09-04T12:32:02.000+07:00,488.98,10,0.08,4498.616
TX0054240,STD_1721031591,2024-04-14T12:32:02.000+07:00,487.3,10,0.05,4629.35
TX0018845,STD_1721031591,2025-04-07T12:32:01.000+07:00,471.18,9,0.04,4070.995
TX0052293,STD_1721031591,2025-01-29T12:32:02.000+07:00,430.93,10,0.03,4180.021
TX0205593,STD_1721031591,2025-03-12T12:32:05.000+07:00,490.44,9,0.03,4281.5415
TX0060922,STD_1721031591,2024-12-18T12:32:02.000+07:00,498.77,10,0.18,4089.9138
TX0146582,STD_1721031591,2024-10-21T12:32:03.000+07:00,498.7,10,0.18,4089.3398
TX0136445,STD_1721031591,2024-06-24T12:32:03.000+07:00,488.54,10,0.04,4689.984
TX0061291,STD_1721031591,2024-09-25T12:32:02.000+07:00,480.94,10,0.07,4472.742
TX0082846,STD_1721031591,2024-09-30T12:32:02.000+07:00,495.83,10,0.09,4512.0527
TX0069261,STD_1721031591,2025-01-02T12:32:02.000+07:00,439.29,10,0.08,4041.468
TX0181355,STD_1721031591,2024-07-20T12:32:04.000+07:00,486.01,10,0.18,3985.282
TX0001514,STD_1721031591,2025-03-24T12:32:01.000+07:00,462.11,10,0.1,4158.9897
TX0018829,STD_1721031591,2024-06-22T12:32:01.000+07:00,402.96,10,0.01,3989.304
TX0149858,STD_1721031591,2024-07-05T12:32:04.000+07:00,497.29,10,0.06,4674.526
TX0221076,STD_1721031591,2024-12-21T12:32:05.000+07:00,487.7,9,0.09,3994.2632
TX0180418,STD_1721031591,2024-06-22T12:32:04.000+07:00,475.42,10,0.04,4564.032
TX0300170,STD_1721031591,2024-07-28T12:32:06.000+07:00,467.92,10,0.08,4304.8643
TX0429977,STD_1721031591,2024-10-13T12:32:10.000+07:00,490.55,10,0.1,4414.9497
TX0415329,STD_1721031591,2025-01-24T12:32:10.000+07:00,473.06,9,0.02,4172.389
TX0409580,STD_1721031591,2024-08-14T12:32:10.000+07:00,473.48,10,0.03,4592.7563
TX0324840,STD_1721031591,2025-03-15T12:32:07.000+07:00,467.98,10,0.01,4633.0024
TX0290755,STD_1721031591,2024-05-20T12:32:06.000+07:00,499.87,10,0.05,4748.765
TX0348051,STD_1721031591,2024-11-02T12:32:08.000+07:00,473.98,10,0.15,4028.8303
TX0407736,STD_1721031591,2025-01-04T12:32:10.000+07:00,480.5,9,0.05,4108.275
TX0451921,STD_1721031591,2025-02-13T12:32:12.000+07:00,443.85,10,0.02,4349.73
TX0275170,STD_1721031591,2025-01-01T12:32:06.000+07:00,434.84,10,0.06,4087.4958
TX0424793,STD_1721031591,2024-10-09T12:32:10.000+07:00,494.29,10,0.13,4300.3228
TX0421775,STD_1721031591,2024-05-28T12:32:10.000+07:00,475.58,9,0.05,4066.2087
TX0330833,STD_1721031591,2025-01-11T12:32:07.000+07:00,478.54,10,0.11,4259.006
TX0323589,STD_1721031591,2024-11-25T12:32:07.000+07:00,458.37,9,0.03,4001.5703
TX0448967,STD_1721031591,2025-03-12T12:32:11.000+07:00,496.51,10,0.09,4518.2407
TX0462342,STD_1721031591,2025-04-04T12:32:12.000+07:00,464.17,10,0.0,4641.7
TX0431116,STD_1721031591,2025-02-24T12:32:10.000+07:00,480.64,10,0.1,4325.7603
TX0516157,STD_1721031591,2024-08-22T12:32:17.000+07:00,487.55,10,0.12,4290.44
TX0289961,STD_1721031591,2024-11-07T12:32:06.000+07:00,453.85,10,0.02,4447.73
TX0435293,STD_1721031591,2024-07-23T12:32:11.000+07:00,462.48,10,0.08,4254.8164
TX0468068,STD_1721031591,2024-12-09T12:32:13.000+07:00,494.22,10,0.05,4695.0903
TX0498651,STD_1721031591,2024-05-05T12:32:15.000+07:00,487.59,9,0.02,4300.544
TX0411086,STD_1721031591,2024-04-18T12:32:10.000+07:00,445.0,10,0.02,4361.0
TX0401525,STD_1721031591,2024-07-03T12:32:10.000+07:00,488.59,10,0.16,4104.1562
TX0309758,STD_1721031591,2024-12-01T12:32:07.000+07:00,494.55,10,0.14,4253.13
TX0354141,STD_1721031591,2024-10-25T12:32:08.000+07:00,485.09,9,0.01,4322.152
TX0452192,STD_1721031591,2024-09-12T12:32:12.000+07:00,481.48,9,0.07,4029.988
TX0515164,STD_1721031591,2025-01-19T12:32:17.000+07:00,498.81,10,0.11,4439.409
TX0337930,STD_1721031591,2024-12-15T12:32:07.000+07:00,490.89,9,0.03,4285.47
TX0345750,STD_1721031591,2024-09-11T12:32:08.000+07:00,451.91,9,0.01,4026.518
TX0319012,STD_1721031591,2024-08-06T12:32:07.000+07:00,489.5,9,0.08,4053.06
TX0527230,STD_1721031591,2024-04-18T12:32:18.000+07:00,481.15,10,0.09,4378.465
TX0310170,STD_1721031591,2024-12-16T12:32:07.000+07:00,496.49,10,0.13,4319.463
TX0451827,STD_1721031591,2024-11-14T12:32:12.000+07:00,481.98,10,0.08,4434.2163
TX0276974,STD_1721031591,2024-11-17T12:32:06.000+07:00,481.79,9,0.04,4162.6655
TX0461397,STD_1721031591,2024-09-15T12:32:12.000+07:00,419.63,10,0.03,4070.411
TX0369882,STD_1721031591,2024-11-02T12:32:08.000+07:00,490.93,9,0.04,4241.6353
TX0305589,STD_1721031591,2024-05-27T12:32:07.000+07:00,478.06,10,0.02,4684.9883
TX0313743,STD_1721031591,2024-09-16T12:32:07.000+07:00,482.15,9,0.01,4295.9565
TX0287151,STD_1721031591,2024-11-18T12:32:06.000+07:00,484.37,10,0.05,4601.515
TX0314007,STD_1721031591,2025-03-04T12:32:07.000+07:00,447.7,9,0.01,3989.007
TX0373069,STD_1721031591,2024-12-01T12:32:08.000+07:00,461.88,9,0.02,4073.7815
TX0400227,STD_1721031591,2024-04-09T12:32:09.000+07:00,441.31,10,0.01,4368.969
TX0534681,STD_1721031591,2025-02-25T12:32:18.000+07:00,454.83,10,0.02,4457.334
TX0488564,STD_1721031591,2024-05-04T12:32:14.000+07:00,457.74,10,0.07,4256.982
TX0271845,STD_1721031591,2025-03-04T12:32:06.000+07:00,485.67,10,0.03,4710.9995
TX0417671,STD_1721031591,2024-12-06T12:32:10.000+07:00,486.26,9,0.01,4332.5767
TX0400751,STD_1721031591,2024-09-18T12:32:10.000+07:00,471.49,10,0.07,4384.857
TX0270364,STD_1721031591,2024-10-24T12:32:06.000+07:00,435.58,10,0.04,4181.568
TX0291849,STD_1721031591,2025-02-05T12:32:06.000+07:00,456.95,10,0.01,4523.805
TX0358579,STD_1721031591,2024-06-21T12:32:08.000+07:00,404.02,10,0.01,3999.798
TX0322249,STD_1721031591,2024-10-01T12:32:07.000+07:00,425.68,10,0.06,4001.3918
TX0343183,STD_1721031591,2025-01-12T12:32:07.000+07:00,453.54,9,0.02,4000.223
TX0306619,STD_1721031591,2024-04-22T12:32:07.000+07:00,483.56,10,0.1,4352.04
TX0316041,STD_1721031591,2024-11-18T12:32:07.000+07:00,463.73,10,0.06,4359.0625
TX0449473,STD_1721031591,2025-01-25T12:32:11.000+07:00,491.39,9,0.02,4334.06
TX0499624,STD_1721031591,2024-12-29T12:32:15.000+07:00,496.44,10,0.11,4418.316
TX0459850,STD_1721031591,2025-02-17T12:32:12.000+07:00,446.05,10,0.07,4148.265
TX0346976,STD_1721031591,2024-07-10T12:32:08.000+07:00,464.54,10,0.1,4180.86
TX0348493,STD_1721031591,2024-04-12T12:32:08.000+07:00,462.37,9,0.01,4119.717
TX0371832,STD_1721031591,2025-03-06T12:32:08.000+07:00,471.2,9,0.06,3986.3523
TX0278047,STD_1721031591,2024-07-21T12:32:06.000+07:00,485.49,10,0.02,4757.802
TX0343308,STD_1721031591,2024-04-12T12:32:07.000+07:00,487.71,10,0.12,4291.848
TX0446814,STD_1721031591,2024-08-30T12:32:11.000+07:00,468.52,9,0.02,4132.346
TX0450621,STD_1721031591,2024-10-11T12:32:11.000+07:00,437.12,10,0.04,4196.352
TX0326798,STD_1721031591,2025-01-04T12:32:07.000+07:00,491.35,9,0.07,4112.5996
TX0284207,STD_1721031591,2024-05-24T12:32:06.000+07:00,440.23,10,0.09,4006.093
TX0481906,STD_1721031591,2024-12-15T12:32:14.000+07:00,461.35,10,0.01,4567.365
TX0331914,STD_1721031591,2024-08-11T12:32:07.000+07:00,412.55,10,0.02,4042.99
TX0513920,STD_1721031591,2024-09-12T12:32:17.000+07:00,472.48,10,0.06,4441.3125
TX0482323,STD_1721031591,2024-08-12T12:32:14.000+07:00,466.27,9,0.0,4196.4297
TX0306071,STD_1721031591,2024-08-16T12:32:07.000+07:00,476.8,10,0.1,4291.1997
TX0332613,STD_1721031591,2024-11-05T12:32:07.000+07:00,484.41,10,0.09,4408.131
TX0386608,STD_1721031591,2024-10-14T12:32:09.000+07:00,469.08,10,0.01,4643.892
TX0519023,STD_1721031591,2024-09-22T12:32:17.000+07:00,484.75,10,0.17,4023.4248
TX0379614,STD_1721031591,2025-01-10T12:32:08.000+07:00,481.56,10,0.08,4430.352
TX0526017,STD_1721031591,2024-08-15T12:32:18.000+07:00,492.49,10,0.16,4136.916
TX0317868,STD_1721031591,2025-02-11T12:32:07.000+07:00,449.27,10,0.03,4357.919
TX0443831,STD_1721031591,2024-10-10T12:32:11.000+07:00,452.31,10,0.04,4342.176
TX0340633,STD_1721031591,2024-09-08T12:32:07.000+07:00,477.13,9,0.0,4294.17
TX0363739,STD_1721031591,2025-02-06T12:32:08.000+07:00,461.19,10,0.12,4058.472
TX0318365,STD_1721031591,2024-04-13T12:32:07.000+07:00,438.78,10,0.06,4124.5317
TX0354683,STD_1721031591,2024-08-24T12:32:08.000+07:00,498.53,10,0.2,3988.24
TX0478899,STD_1721031591,2024-04-24T12:32:14.000+07:00,471.18,10,0.15,4005.03
TX0358223,STD_1721031591,2024-05-23T12:32:08.000+07:00,450.01,10,0.08,4140.0923
TX0458890,STD_1721031591,2024-09-06T12:32:12.000+07:00,438.44,10,0.07,4077.492
TX0522132,STD_1721031591,2024-08-09T12:32:17.000+07:00,496.88,10,0.19,4024.7278
TX0270715,STD_1721031591,2024-05-29T12:32:06.000+07:00,472.12,10,0.02,4626.7764
TX0401483,STD_1721031591,2025-01-01T12:32:10.000+07:00,444.31,10,0.06,4176.514
TX0407586,STD_1721031591,2024-10-03T12:32:10.000+07:00,481.21,10,0.14,4138.4062
TX0429714,STD_1721031591,2024-07-12T12:32:10.000+07:00,497.33,9,0.09,4073.1323
TX0520177,STD_1721031591,2024-12-13T12:32:17.000+07:00,499.06,10,0.05,4741.07
TX0529083,STD_1721031591,2024-09-23T12:32:18.000+07:00,491.34,10,0.06,4618.5957
TX0305656,STD_1721031591,2025-03-01T12:32:07.000+07:00,466.58,10,0.06,4385.8516
TX0512805,STD_1721031591,2024-09-30T12:32:17.000+07:00,433.05,10,0.07,4027.365
TX0302932,STD_1721031591,2025-03-01T12:32:06.000+07:00,492.41,10,0.15,4185.4854
TX0448191,STD_1721031591,2024-05-31T12:32:11.000+07:00,471.64,10,0.14,4056.1045
TX0495984,STD_1721031591,2024-08-09T12:32:15.000+07:00,496.37,9,0.06,4199.29
TX0436341,STD_1721031591,2024-08-08T12:32:11.000+07:00,485.73,10,0.08,4468.7163
TX0424101,STD_1721031591,2025-02-01T12:32:10.000+07:00,499.53,10,0.02,4895.394
TX0477300,STD_1721031591,2025-02-18T12:32:13.000+07:00,469.94,10,0.03,4558.418
TX0351280,STD_1721031591,2024-08-19T12:32:08.000+07:00,487.46,9,0.02,4299.3975
TX0387396,STD_1721031591,2024-12-17T12:32:09.000+07:00,446.18,10,0.01,4417.1816
TX0487589,STD_1721031591,2025-01-16T12:32:14.000+07:00,452.37,10,0.11,4026.093
TX0462757,STD_1721031591,2024-10-25T12:32:12.000+07:00,483.21,9,0.05,4131.446
TX0436811,STD_1721031591,2024-09-24T12:32:11.000+07:00,499.79,9,0.11,4003.3176
TX0343926,STD_1721031591,2025-03-04T12:32:07.000+07:00,499.28,10,0.01,4942.872
TX0416679,STD_1721031591,2024-05-07T12:32:10.000+07:00,454.9,10,0.05,4321.55
TX0407234,STD_1721031591,2024-07-13T12:32:10.000+07:00,470.88,9,0.04,4068.403
TX0357678,STD_1721031591,2025-01-10T12:32:08.000+07:00,469.03,10,0.15,3986.755
TX0526733,STD_1721031591,2024-06-16T12:32:18.000+07:00,483.15,10,0.06,4541.61
TX0279948,STD_1721031591,2024-11-17T12:32:06.000+07:00,495.42,10,0.17,4111.986
TX0391863,STD_1721031591,2024-04-19T12:32:09.000+07:00,489.12,10,0.17,4059.696
TX0498971,STD_1721031591,2024-09-02T12:32:15.000+07:00,491.22,9,0.03,4288.3506
TX0348555,STD_1721031591,2024-05-01T12:32:08.000+07:00,485.28,10,0.07,4513.104
TX0476013,STD_1721031591,2025-03-25T12:32:13.000+07:00,428.46,10,0.06,4027.5242
TX0385802,STD_1721031591,2025-02-09T12:32:08.000+07:00,474.08,10,0.08,4361.536
TX0440672,STD_1721031591,2025-01-26T12:32:11.000+07:00,476.92,9,0.07,3991.8208
TX0353413,STD_1721031591,2024-12-05T12:32:08.000+07:00,472.29,10,0.12,4156.152
TX0369954,STD_1721031591,2025-02-13T12:32:08.000+07:00,468.81,10,0.01,4641.219
TX0312269,STD_1721031591,2024-09-20T12:32:07.000+07:00,451.88,10,0.05,4292.86
TX0378311,STD_1721031591,2024-05-30T12:32:08.000+07:00,446.96,10,0.1,4022.64
TX0531574,STD_1721031591,2024-08-10T12:32:18.000+07:00,494.05,9,0.08,4090.734
TX0366511,STD_1721031591,2025-03-22T12:32:08.000+07:00,455.7,10,0.08,4192.44
TX0525594,STD_1721031591,2024-06-04T12:32:18.000+07:00,477.41,10,0.08,4392.1724
TX0343229,STD_1721031591,2024-07-03T12:32:07.000+07:00,437.41,10,0.06,4111.6543
TX0512136,STD_1721031591,2024-06-30T12:32:17.000+07:00,484.66,10,0.06,4555.804
TX0343740,STD_1721031591,2024-11-29T12:32:07.000+07:00,479.97,9,0.02,4233.3354
TX0292167,STD_1721031591,2024-08-04T12:32:06.000+07:00,465.13,10,0.1,4186.17
TX0351292,STD_1721031591,2024-11-28T12:32:08.000+07:00,493.08,10,0.15,4191.18
TX0347105,STD_1721031591,2024-07-12T12:32:08.000+07:00,488.04,9,0.07,4084.8948
TX0477421,STD_1721031591,2024-08-05T12:32:13.000+07:00,455.12,10,0.08,4187.1045
TX0286760,STD_1721031591,2024-11-16T12:32:06.000+07:00,474.0,9,0.02,4180.68
TX0290403,STD_1721031591,2024-07-29T12:32:06.000+07:00,470.03,9,0.05,4018.7563
TX0326186,STD_1721031591,2024-06-11T12:32:07.000+07:00,493.31,9,0.07,4129.005
TX0434390,STD_1721031591,2024-06-08T12:32:11.000+07:00,477.46,10,0.13,4153.9023
TX0410970,STD_1721031591,2024-04-19T12:32:10.000+07:00,477.04,10,0.11,4245.656
TX0326313,STD_1721031591,2025-03-31T12:32:07.000+07:00,483.5,10,0.15,4109.75
TX0453443,STD_1721031591,2025-02-23T12:32:12.000+07:00,480.67,10,0.04,4614.432
TX0417360,STD_1721031591,2024-12-28T12:32:10.000+07:00,441.61,10,0.04,4239.4556
TX0354528,STD_1721031591,2024-09-04T12:32:08.000+07:00,455.43,9,0.02,4016.8928
TX0362279,STD_1721031591,2024-07-13T12:32:08.000+07:00,452.76,9,0.01,4034.0918
TX0341671,STD_1721031591,2024-08-16T12:32:07.000+07:00,464.83,9,0.01,4141.6353
TX0425338,STD_1721031591,2025-03-06T12:32:10.000+07:00,479.68,9,0.02,4230.778
TX0289533,STD_1721031591,2024-07-20T12:32:06.000+07:00,457.19,10,0.06,4297.586
TX0291294,STD_1721031591,2025-01-20T12:32:06.000+07:00,465.13,10,0.03,4511.7607
TX0272931,STD_1721031591,2024-11-01T12:32:06.000+07:00,496.57,10,0.0,4965.7
TX0386856,STD_1721031591,2024-10-08T12:32:09.000+07:00,445.96,10,0.03,4325.812
TX0402878,STD_1721031591,2024-12-11T12:32:10.000+07:00,472.11,10,0.07,4390.6226
TX0440066,STD_1721031591,2024-09-05T12:32:11.000+07:00,487.8,10,0.02,4780.44
TX0481756,STD_1721031591,2024-05-28T12:32:14.000+07:00,468.01,10,0.08,4305.6924
TX0372826,STD_1721031591,2025-02-13T12:32:08.000+07:00,443.97,10,0.1,3995.73
TX0328281,STD_1721031591,2024-10-10T12:32:07.000+07:00,448.92,10,0.1,4040.28
TX0506257,STD_1721031591,2024-11-29T12:32:16.000+07:00,461.65,10,0.06,4339.51
TX0507729,STD_1721031591,2024-12-16T12:32:16.000+07:00,475.34,9,0.06,4021.3765
TX0428328,STD_1721031591,2024-12-31T12:32:10.000+07:00,448.05,9,0.01,3992.1255
TX0505237,STD_1721031591,2024-05-19T12:32:16.000+07:00,462.54,9,0.02,4079.6028
TX0298607,STD_1721031591,2024-10-31T12:32:06.000+07:00,491.06,10,0.05,4665.07
TX0513100,STD_1721031591,2024-10-13T12:32:17.000+07:00,473.63,10,0.07,4404.759
TX0471654,STD_1721031591,2024-09-11T12:32:13.000+07:00,454.7,9,0.02,4010.454
TX0393537,STD_1721031591,2025-03-18T12:32:09.000+07:00,467.61,10,0.08,4302.0117
TX0299154,STD_1721031591,2024-07-26T12:32:06.000+07:00,482.64,9,0.02,4256.8853
TX0446933,STD_1721031591,2024-10-04T12:32:11.000+07:00,481.02,9,0.08,3982.8455
TX0293613,STD_1721031591,2024-06-16T12:32:06.000+07:00,498.87,9,0.04,4310.237
TX0409974,STD_1721031591,2024-09-17T12:32:10.000+07:00,445.84,10,0.05,4235.48
TX0428368,STD_1721031591,2024-12-22T12:32:10.000+07:00,457.75,10,0.12,4028.2
TX0435349,STD_1721031591,2025-01-09T12:32:11.000+07:00,427.78,10,0.04,4106.6875
TX0303768,STD_1721031591,2024-07-30T12:32:06.000+07:00,480.38,9,0.07,4020.7805
TX0315469,STD_1721031591,2024-12-21T12:32:07.000+07:00,489.88,9,0.01,4364.8306
TX0421752,STD_1721031591,2024-04-09T12:32:10.000+07:00,472.38,10,0.01,4676.562
TX0522400,STD_1721031591,2024-11-12T12:32:17.000+07:00,474.5,10,0.13,4128.15
TX0355590,STD_1721031591,2024-12-13T12:32:08.000+07:00,454.77,10,0.0,4547.6997
TX0411890,STD_1721031591,2025-01-08T12:32:10.000+07:00,406.37,10,0.0,4063.7
TX0293514,STD_1721031591,2024-07-03T12:32:06.000+07:00,408.89,10,0.02,4007.1223
TX0455588,STD_1721031591,2024-12-31T12:32:12.000+07:00,443.47,10,0.05,4212.9653
TX0346975,STD_1721031591,2025-02-01T12:32:08.000+07:00,478.2,9,0.03,4174.6865
TX0495561,STD_1721031591,2024-08-22T12:32:15.000+07:00,493.97,9,0.02,4356.8154
TX0463768,STD_1721031591,2025-03-07T12:32:13.000+07:00,476.29,10,0.15,4048.465
TX0356275,STD_1721031591,2024-10-21T12:32:08.000+07:00,446.05,10,0.09,4059.055
TX0351039,STD_1721031591,2024-08-23T12:32:08.000+07:00,471.31,10,0.08,4336.0522
TX0351996,STD_1721031591,2024-04-15T12:32:08.000+07:00,487.82,10,0.04,4683.0723
TX0502379,STD_1721031591,2025-03-08T12:32:15.000+07:00,455.9,9,0.01,4062.069
TX0334374,STD_1721031591,2024-07-16T12:32:07.000+07:00,442.14,10,0.06,4156.116
TX0429635,STD_1721031591,2024-08-26T12:32:10.000+07:00,476.28,9,0.01,4243.655
TX0440986,STD_1721031591,2024-07-18T12:32:11.000+07:00,499.43,10,0.13,4345.041
TX0446387,STD_1721031591,2024-07-18T12:32:11.000+07:00,488.58,10,0.01,4836.942
TX0283596,STD_1721031591,2025-03-18T12:32:06.000+07:00,440.99,10,0.0,4409.9
TX0423752,STD_1721031591,2024-08-27T12:32:10.000+07:00,478.54,10,0.05,4546.13
TX0314675,STD_1721031591,2024-07-11T12:32:07.000+07:00,499.64,10,0.08,4596.6885
TX0492934,STD_1721031591,2024-09-12T12:32:15.000+07:00,426.2,10,0.05,4048.9
TX0323017,STD_1721031591,2024-04-29T12:32:07.000+07:00,461.54,10,0.04,4430.7837
TX0414214,STD_1721031591,2025-03-10T12:32:10.000+07:00,469.53,10,0.12,4131.864
TX0343603,STD_1721031591,2025-03-19T12:32:07.000+07:00,476.78,9,0.07,3990.6487
TX0355284,STD_1721031591,2024-08-31T12:32:08.000+07:00,468.79,10,0.06,4406.626
TX0464137,STD_1721031591,2025-01-15T12:32:13.000+07:00,474.32,10,0.13,4126.584
TX0322133,STD_1721031591,2024-08-04T12:32:07.000+07:00,487.61,10,0.1,4388.4897
TX0270403,STD_1721031591,2024-11-10T12:32:06.000+07:00,442.79,10,0.04,4250.7837
TX0396290,STD_1721031591,2025-03-25T12:32:09.000+07:00,481.79,9,0.03,4206.027
TX0433133,STD_1721031591,2024-12-06T12:32:10.000+07:00,486.49,9,0.07,4071.9214
TX0518531,STD_1721031591,2024-04-19T12:32:17.000+07:00,486.24,10,0.1,4376.1597
TX0398707,STD_1721031591,2024-09-04T12:32:09.000+07:00,484.49,10,0.06,4554.206
TX0443801,STD_1721031591,2025-04-04T12:32:11.000+07:00,462.69,10,0.09,4210.4785
TX0480611,STD_1721031591,2025-01-21T12:32:14.000+07:00,489.65,9,0.09,4010.2334
TX0402963,STD_1721031591,2024-04-10T12:32:10.000+07:00,499.17,10,0.11,4442.6133
TX0320008,STD_1721031591,2024-05-18T12:32:07.000+07:00,458.03,10,0.02,4488.694
TX0296700,STD_1721031591,2025-04-04T12:32:06.000+07:00,485.87,9,0.08,4023.0037
TX0394319,STD_1721031591,2024-04-24T12:32:09.000+07:00,442.23,10,0.03,4289.6313
TX0362320,STD_1721031591,2024-05-21T12:32:08.000+07:00,484.61,10,0.16,4070.7239
TX0354349,STD_1721031591,2024-12-07T12:32:08.000+07:00,491.23,9,0.07,4111.595
TX0364643,STD_1721031591,2025-02-16T12:32:08.000+07:00,480.37,10,0.03,4659.5894
TX0534911,STD_1721031591,2025-03-19T12:32:18.000+07:00,427.33,10,0.03,4145.101
TX0393664,STD_1721031591,2024-07-30T12:32:09.000+07:00,475.92,10,0.14,4092.9124
TX0527101,STD_1721031591,2024-04-10T12:32:18.000+07:00,489.59,9,0.09,4009.742
TX0350620,STD_1721031591,2024-05-19T12:32:08.000+07:00,461.56,10,0.06,4338.664
TX0437097,STD_1721031591,2024-09-24T12:32:11.000+07:00,472.02,10,0.07,4389.7856
TX0442305,STD_1721031591,2024-09-22T12:32:11.000+07:00,453.75,10,0.09,4129.125
TX0516049,STD_1721031591,2024-09-27T12:32:17.000+07:00,454.25,10,0.05,4315.375
TX0317849,STD_1721031591,2024-08-28T12:32:07.000+07:00,493.79,10,0.14,4246.5938
TX0527322,STD_1721031591,2024-06-09T12:32:18.000+07:00,453.16,10,0.04,4350.336
TX0497836,STD_1721031591,2024-08-16T12:32:15.000+07:00,498.18,10,0.17,4134.8936
TX0310613,STD_1721031591,2025-01-20T12:32:07.000+07:00,431.13,10,0.05,4095.7349
TX0321172,STD_1721031591,2024-12-02T12:32:07.000+07:00,497.83,10,0.09,4530.2524
TX0393296,STD_1721031591,2024-08-09T12:32:09.000+07:00,489.96,10,0.11,4360.644
TX0279237,STD_1721031591,2024-11-21T12:32:06.000+07:00,457.14,10,0.08,4205.6885
TX0408594,STD_1721031591,2024-12-15T12:32:10.000+07:00,456.03,10,0.01,4514.697
TX0299281,STD_1721031591,2024-08-21T12:32:06.000+07:00,468.35,10,0.13,4074.645
TX0273052,STD_1721031591,2024-08-14T12:32:06.000+07:00,482.26,9,0.0,4340.34
TX0382310,STD_1721031591,2024-07-16T12:32:08.000+07:00,475.23,10,0.14,4086.9783
TX0302922,STD_1721031591,2025-04-05T12:32:06.000+07:00,461.63,9,0.01,4113.123
TX0366310,STD_1721031591,2024-04-17T12:32:08.000+07:00,469.44,10,0.01,4647.456
TX0354822,STD_1721031591,2024-10-10T12:32:08.000+07:00,489.55,9,0.04,4229.7114
TX0402942,STD_1721031591,2024-11-04T12:32:10.000+07:00,450.25,10,0.04,4322.4
TX0301535,STD_1721031591,2024-05-11T12:32:06.000+07:00,445.65,10,0.03,4322.805
TX0461074,STD_1721031591,2024-12-08T12:32:12.000+07:00,488.77,9,0.0,4398.9297
TX0511633,STD_1721031591,2024-06-13T12:32:16.000+07:00,479.38,10,0.11,4266.482
TX0428225,STD_1721031591,2025-01-24T12:32:10.000+07:00,453.72,10,0.1,4083.48
TX0366348,STD_1721031591,2024-08-23T12:32:08.000+07:00,494.8,10,0.16,4156.3203
TX0362770,STD_1721031591,2024-09-25T12:32:08.000+07:00,452.17,10,0.07,4205.181
TX0442309,STD_1721031591,2025-04-09T12:32:11.000+07:00,496.04,9,0.09,4062.5674
TX0384563,STD_1721031591,2024-09-13T12:32:08.000+07:00,433.02,10,0.05,4113.6895
TX0384336,STD_1721031591,2024-04-09T12:32:08.000+07:00,486.36,9,0.04,4202.15
TX0331030,STD_1721031591,2025-02-05T12:32:07.000+07:00,485.1,9,0.06,4103.946
TX0305721,STD_1721031591,2025-03-22T12:32:07.000+07:00,497.07,9,0.08,4115.7397
TX0445446,STD_1721031591,2024-08-12T12:32:11.000+07:00,450.76,10,0.0,4507.6
TX0432941,STD_1721031591,2025-03-23T12:32:10.000+07:00,474.59,10,0.08,4366.228
TX0271505,STD_1721031591,2024-08-17T12:32:06.000+07:00,473.12,10,0.04,4541.952
TX0340343,STD_1721031591,2025-01-13T12:32:07.000+07:00,494.35,9,0.02,4360.167
TX0342467,STD_1721031591,2024-09-09T12:32:07.000+07:00,486.68,10,0.12,4282.7837
TX0462113,STD_1721031591,2024-09-09T12:32:12.000+07:00,453.18,10,0.1,4078.6196
TX0381705,STD_1721031591,2024-08-14T12:32:08.000+07:00,496.3,9,0.1,4020.0295
TX0336799,STD_1721031591,2024-12-28T12:32:07.000+07:00,495.02,10,0.05,4702.6895
TX0274778,STD_1721031591,2024-05-06T12:32:06.000+07:00,427.69,10,0.01,4234.131
TX0420629,STD_1721031591,2024-04-12T12:32:10.000+07:00,467.7,10,0.06,4396.38
TX0284900,STD_1721031591,2024-10-24T12:32:06.000+07:00,482.14,10,0.03,4676.7583
TX0489223,STD_1721031591,2025-01-30T12:32:14.000+07:00,469.06,10,0.08,4315.352
TX0492856,STD_1721031591,2024-10-18T12:32:15.000+07:00,443.96,10,0.05,4217.62
TX0515497,STD_1721031591,2024-08-24T12:32:17.000+07:00,462.79,10,0.03,4489.063
TX0374017,STD_1721031591,2024-04-19T12:32:08.000+07:00,491.28,10,0.07,4568.904
TX0529276,STD_1721031591,2024-11-08T12:32:18.000+07:00,490.05,9,0.08,4057.6138
TX0285813,STD_1721031591,2025-02-28T12:32:06.000+07:00,487.52,10,0.04,4680.1914
TX0268535,STD_1721031591,2024-12-16T12:32:06.000+07:00,431.85,10,0.02,4232.13
TX0467012,STD_1721031591,2024-12-31T12:32:13.000+07:00,455.32,10,0.04,4371.0723
TX0361326,STD_1721031591,2024-09-27T12:32:08.000+07:00,488.18,9,0.01,4349.684
TX0284362,STD_1721031591,2025-03-14T12:32:06.000+07:00,447.55,10,0.06,4206.97
TX0377236,STD_1721031591,2025-03-21T12:32:08.000+07:00,464.32,10,0.11,4132.448
TX0514358,STD_1721031591,2024-10-16T12:32:17.000+07:00,487.16,10,0.01,4822.8843
TX0433748,STD_1721031591,2024-06-03T12:32:10.000+07:00,479.28,9,0.02,4227.2495
TX0469362,STD_1721031591,2024-06-28T12:32:13.000+07:00,482.51,10,0.07,4487.3433
TX0514877,STD_1721031591,2025-01-30T12:32:17.000+07:00,403.99,10,0.0,4039.9
TX0479680,STD_1721031591,2024-10-24T12:32:14.000+07:00,470.88,10,0.08,4332.0957
TX0512800,STD_1721031591,2024-11-01T12:32:17.000+07:00,460.54,10,0.12,4052.752
TX0285008,STD_1721031591,2025-01-04T12:32:06.000+07:00,479.0,10,0.08,4406.8003
TX0460676,STD_1721031591,2025-01-24T12:32:12.000+07:00,443.11,10,0.04,4253.8555
TX0330797,STD_1721031591,2024-12-08T12:32:07.000+07:00,461.49,9,0.03,4028.8079
TX0488024,STD_1721031591,2024-05-31T12:32:14.000+07:00,472.47,10,0.02,4630.206
TX0415761,STD_1721031591,2025-01-03T12:32:10.000+07:00,411.45,10,0.02,4032.21
TX0277067,STD_1721031591,2024-04-15T12:32:06.000+07:00,461.73,10,0.11,4109.397
TX0413171,STD_1721031591,2024-12-14T12:32:10.000+07:00,452.47,10,0.02,4434.206
TX0458692,STD_1721031591,2025-03-07T12:32:12.000+07:00,497.69,9,0.02,4389.626
TX0476939,STD_1721031591,2024-12-14T12:32:13.000+07:00,471.41,10,0.09,4289.831
TX0350654,STD_1721031591,2024-11-12T12:32:08.000+07:00,432.46,10,0.05,4108.37
TX0416196,STD_1721031591,2024-08-07T12:32:10.000+07:00,432.77,10,0.08,3981.484
TX0482422,STD_1721031591,2024-08-27T12:32:14.000+07:00,494.33,9,0.03,4315.501
TX0326714,STD_1721031591,2025-02-04T12:32:07.000+07:00,491.93,10,0.07,4574.9487
TX0460547,STD_1721031591,2024-08-16T12:32:12.000+07:00,491.77,10,0.01,4868.523
TX0315902,STD_1721031591,2024-07-30T12:32:07.000+07:00,421.0,10,0.04,4041.5999
TX0321322,STD_1721031591,2024-10-28T12:32:07.000+07:00,468.47,9,0.01,4174.068
TX0417853,STD_1721031591,2024-08-26T12:32:10.000+07:00,497.27,9,0.05,4251.658
TX0533159,STD_1721031591,2024-08-22T12:32:18.000+07:00,437.3,10,0.04,4198.08
TX0519054,STD_1721031591,2024-08-28T12:32:17.000+07:00,441.23,10,0.01,4368.1772
TX0407644,STD_1721031591,2024-09-11T12:32:10.000+07:00,482.04,9,0.05,4121.442
TX0533935,STD_1721031591,2025-03-28T12:32:18.000+07:00,407.23,10,0.01,4031.5771
TX0291379,STD_1721031591,2024-11-01T12:32:06.000+07:00,493.35,10,0.14,4242.81
TX0371154,STD_1721031591,2025-03-07T12:32:08.000+07:00,469.83,10,0.04,4510.3677
TX0294062,STD_1721031591,2025-02-17T12:32:06.000+07:00,447.81,9,0.01,3989.987
TX0315302,STD_1721031591,2024-06-05T12:32:07.000+07:00,488.62,10,0.14,4202.1323
TX0319277,STD_1721031591,2024-10-17T12:32:07.000+07:00,442.65,9,0.0,3983.8499
TX0462683,STD_1721031591,2024-10-13T12:32:12.000+07:00,437.19,10,0.04,4197.024
TX0505628,STD_1721031591,2024-08-11T12:32:16.000+07:00,486.95,9,0.09,3988.1206
TX0376431,STD_1721031591,2025-02-02T12:32:08.000+07:00,490.76,10,0.03,4760.372
TX0405328,STD_1721031591,2025-04-09T12:32:10.000+07:00,474.29,10,0.09,4316.0386
TX0268903,STD_1721031591,2024-06-07T12:32:06.000+07:00,462.93,10,0.1,4166.3696
TX0353196,STD_1721031591,2025-02-28T12:32:08.000+07:00,462.19,10,0.03,4483.243
TX0273808,STD_1721031591,2024-05-02T12:32:06.000+07:00,434.71,10,0.08,3999.3323
TX0300740,STD_1721031591,2025-02-26T12:32:06.000+07:00,492.32,10,0.09,4480.112
TX0314216,STD_1721031591,2024-06-27T12:32:07.000+07:00,496.75,10,0.01,4917.825
TX0483351,STD_1721031591,2025-01-19T12:32:14.000+07:00,450.99,10,0.05,4284.405
TX0386962,STD_1721031591,2024-08-04T12:32:09.000+07:00,423.58,10,0.04,4066.3677
TX0515052,STD_1721031591,2024-05-03T12:32:17.000+07:00,462.67,10,0.12,4071.496
TX0348501,STD_1721031591,2024-12-01T12:32:08.000+07:00,430.14,10,0.03,4172.3584
TX0327595,STD_1721031591,2024-09-14T12:32:07.000+07:00,479.15,10,0.03,4647.7554
TX0486610,STD_1721031591,2024-08-28T12:32:14.000+07:00,448.86,9,0.01,3999.3423
TX0281565,STD_1721031591,2025-01-04T12:32:06.000+07:00,486.96,9,0.0,4382.64
TX0466083,STD_1721031591,2025-01-12T12:32:13.000+07:00,481.57,10,0.09,4382.287
TX0348778,STD_1721031591,2024-08-17T12:32:08.000+07:00,481.64,10,0.05,4575.58
TX0533220,STD_1721031591,2024-06-24T12:32:18.000+07:00,450.16,10,0.01,4456.584
TX0512138,STD_1721031591,2024-12-23T12:32:17.000+07:00,480.47,9,0.03,4194.5034
TX0450022,STD_1721031591,2025-03-16T12:32:11.000+07:00,477.03,10,0.03,4627.191
TX0441798,STD_1721031591,2025-03-24T12:32:11.000+07:00,418.27,10,0.01,4140.8726
TX0370431,STD_1721031591,2025-03-16T12:32:08.000+07:00,449.17,10,0.08,4132.3643
TX0412715,STD_1721031591,2025-03-29T12:32:10.000+07:00,454.9,9,0.0,4094.0999
TX0456781,STD_1721031591,2024-10-04T12:32:12.000+07:00,494.08,10,0.15,4199.68
TX0358183,STD_1721031591,2024-12-01T12:32:08.000+07:00,446.58,10,0.02,4376.484
TX0357284,STD_1721031591,2024-11-20T12:32:08.000+07:00,486.38,9,0.08,4027.2263
TX0421742,STD_1721031591,2025-01-28T12:32:10.000+07:00,402.25,10,0.0,4022.5
TX0360256,STD_1721031591,2025-03-14T12:32:08.000+07:00,462.95,10,0.11,4120.255
TX0356651,STD_1721031591,2024-11-06T12:32:08.000+07:00,475.51,9,0.01,4236.794
TX0353521,STD_1721031591,2024-05-09T12:32:08.000+07:00,481.92,10,0.0,4819.2
TX0458412,STD_1721031591,2024-07-17T12:32:12.000+07:00,473.46,10,0.11,4213.794
TX0298342,STD_1721031591,2024-08-20T12:32:06.000+07:00,482.77,10,0.03,4682.8687
TX0511901,STD_1721031591,2024-08-29T12:32:16.000+07:00,462.42,10,0.03,4485.474
TX0425993,STD_1721031591,2024-12-07T12:32:10.000+07:00,491.19,9,0.09,4022.846
TX0473279,STD_1721031591,2025-01-08T12:32:13.000+07:00,447.37,10,0.07,4160.541
TX0406167,STD_1721031591,2024-09-10T12:32:10.000+07:00,474.38,9,0.03,4141.3374
TX0514283,STD_1721031591,2024-09-09T12:32:17.000+07:00,483.85,9,0.08,4006.278
TX0483735,STD_1721031591,2024-10-25T12:32:14.000+07:00,498.14,10,0.06,4682.516
TX0310044,STD_1721031591,2024-09-08T12:32:07.000+07:00,471.19,10,0.03,4570.543
TX0293386,STD_1721031591,2025-01-22T12:32:06.000+07:00,483.12,9,0.02,4261.1187
TX0292161,STD_1721031591,2024-07-15T12:32:06.000+07:00,492.78,10,0.16,4139.352
TX0346810,STD_1721031591,2024-11-03T12:32:08.000+07:00,496.53,10,0.16,4170.852
TX0299483,STD_1721031591,2024-11-30T12:32:06.000+07:00,484.66,9,0.06,4100.2236
TX0359005,STD_1721031591,2024-12-22T12:32:08.000+07:00,435.08,10,0.01,4307.292
TX0460140,STD_1721031591,2024-12-25T12:32:12.000+07:00,488.84,10,0.17,4057.3718
TX0433680,STD_1721031591,2024-07-11T12:32:10.000+07:00,459.13,10,0.0,4591.3
TX0446771,STD_1721031591,2024-10-09T12:32:11.000+07:00,483.07,10,0.11,4299.323
TX0491477,STD_1721031591,2025-04-09T12:32:15.000+07:00,415.07,10,0.04,3984.672
TX0399763,STD_1721031591,2024-06-12T12:32:09.000+07:00,430.59,10,0.04,4133.6636
TX0425772,STD_1721031591,2024-10-01T12:32:10.000+07:00,484.43,10,0.01,4795.857
TX0420947,STD_1721031591,2024-06-26T12:32:10.000+07:00,480.17,9,0.04,4148.669
TX0457638,STD_1721031591,2024-11-18T12:32:12.000+07:00,461.95,10,0.03,4480.915
TX0426476,STD_1721031591,2024-11-13T12:32:10.000+07:00,425.83,10,0.05,4045.3848
TX0508153,STD_1721031591,2024-08-26T12:32:16.000+07:00,455.54,9,0.02,4017.8628
TX0464427,STD_1721031591,2024-07-01T12:32:13.000+07:00,436.48,10,0.04,4190.208
TX0328061,STD_1721031591,2024-06-28T12:32:07.000+07:00,453.96,10,0.09,4131.036
TX0520451,STD_1721031591,2024-06-19T12:32:17.000+07:00,474.35,9,0.05,4055.6924
TX0438927,STD_1721031591,2024-05-20T12:32:11.000+07:00,428.06,10,0.07,3980.958
TX0478645,STD_1721031591,2024-10-06T12:32:14.000+07:00,483.76,9,0.07,4049.071
TX0311042,STD_1721031591,2024-11-09T12:32:07.000+07:00,469.21,9,0.04,4053.9744
TX0284339,STD_1721031591,2024-09-24T12:32:06.000+07:00,482.03,9,0.07,4034.591
TX0427433,STD_1721031591,2024-11-22T12:32:10.000+07:00,493.94,9,0.09,4045.3684
TX0407817,STD_1721031591,2024-11-19T12:32:10.000+07:00,496.05,9,0.01,4419.805
TX0340377,STD_1721031591,2024-07-22T12:32:07.000+07:00,470.8,10,0.03,4566.7603
TX0323997,STD_1721031591,2025-03-14T12:32:07.000+07:00,428.16,10,0.05,4067.52
TX0374549,STD_1721031591,2024-10-05T12:32:08.000+07:00,443.6,10,0.02,4347.2803
TX0347456,STD_1721031591,2024-08-25T12:32:08.000+07:00,489.66,9,0.07,4098.454
TX0420468,STD_1721031591,2025-03-09T12:32:10.000+07:00,478.05,10,0.03,4637.085
TX0444262,STD_1721031591,2025-01-04T12:32:11.000+07:00,456.2,10,0.04,4379.52
TX0507463,STD_1721031591,2024-10-09T12:32:16.000+07:00,494.0,10,0.04,4742.4
TX0479520,STD_1721031591,2024-10-22T12:32:14.000+07:00,449.82,10,0.09,4093.362
TX0432165,STD_1721031591,2024-07-04T12:32:10.000+07:00,449.75,10,0.11,4002.775
TX0321083,STD_1721031591,2024-07-06T12:32:07.000+07:00,451.44,10,0.04,4333.8237
TX0456086,STD_1721031591,2024-09-04T12:32:12.000+07:00,494.83,9,0.01,4408.935
TX0521183,STD_1721031591,2024-12-10T12:32:17.000+07:00,419.54,10,0.02,4111.492
TX0416328,STD_1721031591,2024-08-15T12:32:10.000+07:00,475.34,10,0.09,4325.5938
TX0338819,STD_1721031591,2024-07-21T12:32:07.000+07:00,486.15,10,0.01,4812.8853
TX0349118,STD_1721031591,2024-07-17T12:32:08.000+07:00,479.73,10,0.03,4653.3813
TX0305817,STD_1721031591,2024-08-05T12:32:07.000+07:00,469.32,10,0.01,4646.268
TX0302122,STD_1721031591,2024-11-23T12:32:06.000+07:00,481.28,9,0.07,4028.3137
TX0378717,STD_1721031591,2025-03-20T12:32:08.000+07:00,498.01,9,0.09,4078.7017
TX0313440,STD_1721031591,2025-03-19T12:32:07.000+07:00,478.57,10,0.1,4307.13
TX0303550,STD_1721031591,2024-09-27T12:32:06.000+07:00,495.37,10,0.07,4606.9414
TX0358349,STD_1721031591,2025-01-29T12:32:08.000+07:00,425.48,10,0.06,3999.5122
TX0392832,STD_1721031591,2024-08-25T12:32:09.000+07:00,447.95,10,0.0,4479.5
TX0434811,STD_1721031591,2024-10-04T12:32:11.000+07:00,458.59,10,0.08,4219.028
TX0384796,STD_1721031591,2025-01-03T12:32:08.000+07:00,450.42,10,0.01,4459.158
TX0292808,STD_1721031591,2025-02-12T12:32:06.000+07:00,420.31,10,0.01,4161.0693
TX0718616,STD_1721031591,2025-02-03T12:32:26.000+07:00,477.1,10,0.01,4723.29
TX0728587,STD_1721031591,2024-11-29T12:32:26.000+07:00,467.99,10,0.15,3977.915
TX0651208,STD_1721031591,2025-01-03T12:32:24.000+07:00,473.31,9,0.06,4004.2026
TX0799199,STD_1721031591,2024-12-22T12:32:28.000+07:00,463.41,10,0.0,4634.1
TX0558928,STD_1721031591,2025-03-09T12:32:19.000+07:00,424.39,10,0.06,3989.2664
TX0731970,STD_1721031591,2024-07-03T12:32:26.000+07:00,476.96,9,0.02,4206.7876
TX0612428,STD_1721031591,2024-05-02T12:32:23.000+07:00,428.07,10,0.02,4195.0864
TX0618388,STD_1721031591,2025-01-15T12:32:23.000+07:00,486.89,10,0.07,4528.0776
TX0748318,STD_1721031591,2025-01-29T12:32:27.000+07:00,488.45,9,0.07,4088.327
TX0665009,STD_1721031591,2024-04-16T12:32:25.000+07:00,497.49,10,0.15,4228.665
TX0753115,STD_1721031591,2024-11-16T12:32:27.000+07:00,459.48,10,0.02,4502.9043
TX0558923,STD_1721031591,2024-11-17T12:32:19.000+07:00,464.71,10,0.12,4089.448
TX0627581,STD_1721031591,2024-04-14T12:32:24.000+07:00,480.31,10,0.11,4274.759
TX0736261,STD_1721031591,2024-11-06T12:32:26.000+07:00,483.73,10,0.05,4595.435
TX0559123,STD_1721031591,2024-12-13T12:32:19.000+07:00,496.44,10,0.18,4070.8079
TX0738830,STD_1721031591,2024-11-17T12:32:26.000+07:00,407.49,10,0.0,4074.9
TX0650835,STD_1721031591,2025-01-27T12:32:24.000+07:00,452.34,10,0.08,4161.528
TX0628611,STD_1721031591,2024-12-30T12:32:24.000+07:00,461.07,10,0.01,4564.5933
TX0760272,STD_1721031591,2024-12-24T12:32:27.000+07:00,454.99,10,0.12,4003.9119
TX0641745,STD_1721031591,2024-11-02T12:32:24.000+07:00,458.35,10,0.07,4262.6553
TX0614730,STD_1721031591,2024-05-12T12:32:23.000+07:00,481.86,10,0.08,4433.112
TX0561202,STD_1721031591,2025-01-21T12:32:19.000+07:00,465.1,10,0.08,4278.92
TX0746479,STD_1721031591,2025-04-09T12:32:27.000+07:00,478.47,10,0.01,4736.853
TX0782427,STD_1721031591,2024-11-14T12:32:28.000+07:00,450.9,10,0.05,4283.55
TX0718366,STD_1721031591,2024-09-04T12:32:26.000+07:00,435.45,10,0.06,4093.23
TX0594468,STD_1721031591,2025-01-21T12:32:22.000+07:00,452.96,10,0.01,4484.304
TX0729284,STD_1721031591,2025-03-21T12:32:26.000+07:00,408.18,10,0.02,4000.1638
TX0596050,STD_1721031591,2025-02-06T12:32:22.000+07:00,465.86,10,0.11,4146.154
TX0691951,STD_1721031591,2024-05-27T12:32:25.000+07:00,469.68,9,0.03,4100.3066
TX0661710,STD_1721031591,2025-03-14T12:32:24.000+07:00,422.84,10,0.03,4101.548
TX0582521,STD_1721031591,2024-09-24T12:32:21.000+07:00,489.94,9,0.01,4365.365
TX0725565,STD_1721031591,2024-05-02T12:32:26.000+07:00,435.18,10,0.06,4090.692
TX0779025,STD_1721031591,2025-04-09T12:32:27.000+07:00,493.58,10,0.03,4787.726
TX0650171,STD_1721031591,2024-12-10T12:32:24.000+07:00,460.43,10,0.08,4235.956
TX0719351,STD_1721031591,2024-05-28T12:32:26.000+07:00,448.02,10,0.03,4345.794
TX0605814,STD_1721031591,2024-10-03T12:32:22.000+07:00,439.86,10,0.01,4354.614
TX0554567,STD_1721031591,2025-02-08T12:32:19.000+07:00,474.5,9,0.05,4056.9749
TX0596865,STD_1721031591,2024-09-18T12:32:22.000+07:00,499.99,9,0.01,4454.911
TX0671098,STD_1721031591,2025-02-13T12:32:25.000+07:00,491.95,10,0.16,4132.3804
TX0566462,STD_1721031591,2024-07-30T12:32:19.000+07:00,489.3,9,0.08,4051.4038
TX0707612,STD_1721031591,2024-09-26T12:32:26.000+07:00,425.25,10,0.06,3997.35
TX0643584,STD_1721031591,2024-07-25T12:32:24.000+07:00,477.41,9,0.02,4210.7563
TX0671842,STD_1721031591,2024-08-28T12:32:25.000+07:00,482.41,10,0.08,4438.1724
TX0619484,STD_1721031591,2025-04-05T12:32:23.000+07:00,475.06,10,0.03,4608.082
TX0621267,STD_1721031591,2024-05-21T12:32:23.000+07:00,474.06,9,0.03,4138.544
TX0724801,STD_1721031591,2024-08-04T12:32:26.000+07:00,473.12,9,0.06,4002.5952
TX0563238,STD_1721031591,2025-01-11T12:32:19.000+07:00,479.5,10,0.11,4267.55
TX0653995,STD_1721031591,2024-06-04T12:32:24.000+07:00,464.55,10,0.06,4366.77
TX0703623,STD_1721031591,2024-11-27T12:32:25.000+07:00,467.49,10,0.1,4207.4097
TX0758391,STD_1721031591,2024-04-19T12:32:27.000+07:00,467.12,10,0.13,4063.944
TX0570174,STD_1721031591,2024-10-28T12:32:20.000+07:00,455.54,10,0.03,4418.738
TX0590534,STD_1721031591,2025-02-17T12:32:21.000+07:00,471.89,10,0.01,4671.7114
TX0578931,STD_1721031591,2024-08-15T12:32:21.000+07:00,481.56,10,0.12,4237.728
TX0776208,STD_1721031591,2024-08-31T12:32:27.000+07:00,448.26,9,0.01,3993.9968
TX0779012,STD_1721031591,2024-09-30T12:32:27.000+07:00,450.0,10,0.01,4455.0
TX0721601,STD_1721031591,2025-03-26T12:32:26.000+07:00,491.04,9,0.04,4242.5854
TX0535685,STD_1721031591,2024-09-12T12:32:18.000+07:00,494.08,10,0.04,4743.1675
TX0547340,STD_1721031591,2024-08-24T12:32:18.000+07:00,472.07,10,0.09,4295.837
TX0775433,STD_1721031591,2024-08-23T12:32:27.000+07:00,416.46,10,0.02,4081.308
TX0551896,STD_1721031591,2024-09-11T12:32:19.000+07:00,443.84,10,0.04,4260.864
TX0711453,STD_1721031591,2024-04-17T12:32:26.000+07:00,464.84,10,0.14,3997.624
TX0703748,STD_1721031591,2025-01-06T12:32:25.000+07:00,464.35,10,0.07,4318.455
TX0614547,STD_1721031591,2024-05-23T12:32:23.000+07:00,469.03,10,0.05,4455.7847
TX0760715,STD_1721031591,2024-10-07T12:32:27.000+07:00,458.57,10,0.11,4081.2732
TX0538294,STD_1721031591,2024-12-12T12:32:18.000+07:00,490.05,9,0.06,4145.8228
TX0760145,STD_1721031591,2024-04-23T12:32:27.000+07:00,491.76,9,0.1,3983.2559
TX0757912,STD_1721031591,2024-04-23T12:32:27.000+07:00,447.37,10,0.01,4428.9634
TX0742905,STD_1721031591,2024-08-26T12:32:26.000+07:00,461.09,10,0.11,4103.7007
TX0728294,STD_1721031591,2024-04-09T12:32:26.000+07:00,457.92,10,0.07,4258.6562
TX0703419,STD_1721031591,2024-05-13T12:32:25.000+07:00,496.52,10,0.08,4567.984
TX0638948,STD_1721031591,2024-07-19T12:32:24.000+07:00,480.81,10,0.1,4327.29
TX0662341,STD_1721031591,2025-02-07T12:32:24.000+07:00,450.71,10,0.08,4146.532
TX0562989,STD_1721031591,2025-03-28T12:32:19.000+07:00,449.44,10,0.06,4224.736
TX0763020,STD_1721031591,2025-03-06T12:32:27.000+07:00,460.94,10,0.01,4563.306
TX0686576,STD_1721031591,2025-04-09T12:32:25.000+07:00,447.44,10,0.08,4116.4478
TX0544441,STD_1721031591,2025-02-15T12:32:18.000+07:00,497.79,9,0.11,3987.2976
TX0665679,STD_1721031591,2024-10-25T12:32:25.000+07:00,417.63,10,0.0,4176.3
TX0698305,STD_1721031591,2024-07-26T12:32:25.000+07:00,455.18,10,0.04,4369.7275
TX0608670,STD_1721031591,2024-09-15T12:32:23.000+07:00,436.93,10,0.08,4019.7559
TX0763695,STD_1721031591,2025-01-21T12:32:27.000+07:00,468.67,10,0.07,4358.6313
TX0756740,STD_1721031591,2024-12-31T12:32:27.000+07:00,476.32,10,0.09,4334.512
TX0643122,STD_1721031591,2024-07-19T12:32:24.000+07:00,459.95,9,0.03,4015.364
TX0594971,STD_1721031591,2025-01-27T12:32:22.000+07:00,477.6,9,0.04,4126.464
TX0767012,STD_1721031591,2024-12-16T12:32:27.000+07:00,483.59,10,0.11,4303.9507
TX0764559,STD_1721031591,2025-03-22T12:32:27.000+07:00,462.32,10,0.11,4114.648
TX0798288,STD_1721031591,2024-12-09T12:32:28.000+07:00,426.52,10,0.06,4009.2876
TX0606329,STD_1721031591,2024-04-13T12:32:22.000+07:00,456.57,10,0.03,4428.7295
TX0636590,STD_1721031591,2024-08-06T12:32:24.000+07:00,497.72,10,0.2,3981.7603
TX0675333,STD_1721031591,2024-05-05T12:32:25.000+07:00,494.82,10,0.04,4750.272
TX0547047,STD_1721031591,2025-01-07T12:32:18.000+07:00,481.23,9,0.04,4157.8276
TX0687325,STD_1721031591,2024-12-18T12:32:25.000+07:00,451.07,9,0.0,4059.6301
TX0726000,STD_1721031591,2025-02-01T12:32:26.000+07:00,468.01,10,0.02,4586.498
TX0630072,STD_1721031591,2024-04-21T12:32:24.000+07:00,496.06,9,0.05,4241.313
TX0736457,STD_1721031591,2024-10-26T12:32:26.000+07:00,474.22,10,0.01,4694.7783
TX0727348,STD_1721031591,2024-07-30T12:32:26.000+07:00,486.92,10,0.12,4284.896
TX0540370,STD_1721031591,2024-11-12T12:32:18.000+07:00,478.01,10,0.04,4588.896
TX0653450,STD_1721031591,2025-01-21T12:32:24.000+07:00,490.89,10,0.11,4368.9214
TX0699071,STD_1721031591,2024-07-22T12:32:25.000+07:00,496.39,10,0.02,4864.6226
TX0706171,STD_1721031591,2024-04-26T12:32:26.000+07:00,484.0,9,0.05,4138.1997
TX0701953,STD_1721031591,2025-02-22T12:32:25.000+07:00,493.07,10,0.19,3993.8672
TX0669571,STD_1721031591,2024-10-09T12:32:25.000+07:00,455.49,9,0.02,4017.422
TX0750678,STD_1721031591,2024-10-28T12:32:27.000+07:00,461.88,10,0.03,4480.236
TX0584012,STD_1721031591,2025-02-05T12:32:21.000+07:00,450.87,10,0.09,4102.917
TX0637633,STD_1721031591,2025-02-23T12:32:24.000+07:00,482.5,10,0.14,4149.5
TX0723206,STD_1721031591,2025-03-06T12:32:26.000+07:00,484.94,10,0.06,4558.436
TX0654191,STD_1721031591,2025-03-18T12:32:24.000+07:00,445.06,10,0.04,4272.576
TX0614410,STD_1721031591,2025-04-09T12:32:23.000+07:00,462.32,9,0.01,4119.271
TX0618180,STD_1721031591,2025-03-11T12:32:23.000+07:00,495.35,10,0.15,4210.475
TX0724634,STD_1721031591,2024-05-13T12:32:26.000+07:00,485.41,9,0.07,4062.8816
TX0603367,STD_1721031591,2025-02-06T12:32:22.000+07:00,495.78,10,0.1,4462.0195
TX0782471,STD_1721031591,2024-04-15T12:32:28.000+07:00,478.21,10,0.02,4686.458
TX0693542,STD_1721031591,2024-04-21T12:32:25.000+07:00,468.51,10,0.14,4029.186
TX0704543,STD_1721031591,2025-03-27T12:32:26.000+07:00,452.87,10,0.04,4347.5522
TX0631528,STD_1721031591,2024-05-21T12:32:24.000+07:00,496.94,10,0.15,4223.99
TX0766598,STD_1721031591,2024-07-02T12:32:27.000+07:00,467.64,10,0.14,4021.7043
TX0683638,STD_1721031591,2024-09-07T12:32:25.000+07:00,464.91,10,0.11,4137.699
TX0712962,STD_1721031591,2024-12-14T12:32:26.000+07:00,472.07,10,0.04,4531.872
TX0773645,STD_1721031591,2024-10-27T12:32:27.000+07:00,412.14,10,0.01,4080.1865
TX0580764,STD_1721031591,2024-08-29T12:32:21.000+07:00,499.23,10,0.08,4592.9165
TX0564720,STD_1721031591,2024-11-15T12:32:19.000+07:00,463.79,10,0.12,4081.3518
TX0709900,STD_1721031591,2024-10-30T12:32:26.000+07:00,485.87,10,0.05,4615.765
TX0604796,STD_1721031591,2024-07-01T12:32:22.000+07:00,455.67,10,0.1,4101.0303
TX0748998,STD_1721031591,2024-07-11T12:32:27.000+07:00,407.41,10,0.02,3992.6182
TX0796852,STD_1721031591,2024-08-08T12:32:28.000+07:00,452.89,10,0.02,4438.3223
TX0654136,STD_1721031591,2024-06-13T12:32:24.000+07:00,477.68,10,0.06,4490.192
TX0706243,STD_1721031591,2024-07-16T12:32:26.000+07:00,499.01,10,0.09,4540.9907
TX0654373,STD_1721031591,2025-04-06T12:32:24.000+07:00,463.8,10,0.09,4220.58
TX0708233,STD_1721031591,2024-06-03T12:32:26.000+07:00,483.61,10,0.14,4159.046
TX0785313,STD_1721031591,2025-03-30T12:32:28.000+07:00,473.07,10,0.15,4021.0952
TX0730066,STD_1721031591,2024-10-03T12:32:26.000+07:00,463.69,9,0.02,4089.7458
TX0767496,STD_1721031591,2025-01-01T12:32:27.000+07:00,491.42,10,0.15,4177.0703
TX0535898,STD_1721031591,2024-10-26T12:32:18.000+07:00,447.47,10,0.11,3982.4832
TX0759829,STD_1721031591,2024-10-04T12:32:27.000+07:00,497.84,9,0.1,4032.504
TX0544427,STD_1721031591,2024-05-09T12:32:18.000+07:00,429.98,10,0.02,4213.804
TX0621333,STD_1721031591,2024-06-05T12:32:23.000+07:00,480.01,10,0.17,3984.083
TX0733878,STD_1721031591,2024-07-28T12:32:26.000+07:00,438.41,10,0.0,4384.1
TX0735116,STD_1721031591,2024-07-03T12:32:26.000+07:00,470.21,10,0.07,4372.953
TX0578075,STD_1721031591,2024-08-30T12:32:21.000+07:00,481.77,9,0.04,4162.492
TX0668416,STD_1721031591,2024-08-24T12:32:25.000+07:00,492.01,10,0.11,4378.889
TX0593701,STD_1721031591,2024-06-26T12:32:22.000+07:00,485.97,9,0.01,4329.9927
TX0708205,STD_1721031591,2024-10-11T12:32:26.000+07:00,476.46,10,0.13,4145.202
TX0776442,STD_1721031591,2024-06-11T12:32:27.000+07:00,463.7,10,0.08,4266.04
TX0647261,STD_1721031591,2025-02-20T12:32:24.000+07:00,463.94,10,0.1,4175.46
TX0558269,STD_1721031591,2024-12-23T12:32:19.000+07:00,446.31,10,0.01,4418.469
TX0569809,STD_1721031591,2025-03-04T12:32:20.000+07:00,473.63,10,0.11,4215.3066
TX0771993,STD_1721031591,2025-02-09T12:32:27.000+07:00,413.03,10,0.03,4006.3909
TX0793536,STD_1721031591,2024-08-30T12:32:28.000+07:00,488.0,10,0.14,4196.8003
TX0556466,STD_1721031591,2024-05-12T12:32:19.000+07:00,465.44,10,0.06,4375.1357
TX0756783,STD_1721031591,2024-06-16T12:32:27.000+07:00,492.4,10,0.05,4677.8
TX0779750,STD_1721031591,2024-08-02T12:32:27.000+07:00,494.93,10,0.08,4553.356
TX0585009,STD_1721031591,2024-12-20T12:32:21.000+07:00,488.18,10,0.02,4784.164
TX0795973,STD_1721031591,2024-06-27T12:32:28.000+07:00,486.7,10,0.13,4234.29
TX0635206,STD_1721031591,2024-09-01T12:32:24.000+07:00,439.89,10,0.08,4046.9885
TX0741211,STD_1721031591,2024-06-16T12:32:26.000+07:00,471.47,10,0.03,4573.2593
TX0778104,STD_1721031591,2024-11-27T12:32:27.000+07:00,483.91,10,0.14,4161.626
TX0693157,STD_1721031591,2024-04-28T12:32:25.000+07:00,491.59,10,0.08,4522.628
TX0665930,STD_1721031591,2024-07-30T12:32:25.000+07:00,438.52,10,0.04,4209.7915
TX0606279,STD_1721031591,2025-03-07T12:32:22.000+07:00,464.2,10,0.1,4177.8
TX0762474,STD_1721031591,2024-08-31T12:32:27.000+07:00,480.11,10,0.12,4224.968
TX0660589,STD_1721031591,2024-05-23T12:32:24.000+07:00,455.42,10,0.01,4508.658
TX0749843,STD_1721031591,2025-01-27T12:32:27.000+07:00,462.87,10,0.11,4119.543
TX0759565,STD_1721031591,2025-01-02T12:32:27.000+07:00,486.79,10,0.07,4527.147
TX0582584,STD_1721031591,2024-06-21T12:32:21.000+07:00,462.58,10,0.08,4255.736
TX0741093,STD_1721031591,2024-04-15T12:32:26.000+07:00,423.31,10,0.02,4148.438
TX0703059,STD_1721031591,2024-06-13T12:32:25.000+07:00,457.52,9,0.02,4035.3262
TX0658202,STD_1721031591,2024-06-10T12:32:24.000+07:00,492.19,10,0.08,4528.148
TX0630780,STD_1721031591,2024-11-18T12:32:24.000+07:00,466.63,10,0.01,4619.6367
TX0799925,STD_1721031591,2024-10-03T12:32:28.000+07:00,478.9,10,0.0,4789.0
TX0536289,STD_1721031591,2025-01-16T12:32:18.000+07:00,484.91,10,0.14,4170.226
TX0598647,STD_1721031591,2024-07-26T12:32:22.000+07:00,439.22,10,0.0,4392.2
TX0601712,STD_1721031591,2024-12-23T12:32:22.000+07:00,470.15,9,0.04,4062.096
TX0698609,STD_1721031591,2024-07-08T12:32:25.000+07:00,472.9,9,0.01,4213.539
TX0699950,STD_1721031591,2025-01-22T12:32:25.000+07:00,474.19,10,0.15,4030.615
TX0687581,STD_1721031591,2024-12-28T12:32:25.000+07:00,496.35,10,0.1,4467.15
TX0706081,STD_1721031591,2024-05-11T12:32:26.000+07:00,495.19,9,0.04,4278.4414
TX0624596,STD_1721031591,2025-03-04T12:32:23.000+07:00,479.97,9,0.02,4233.3354
TX0697428,STD_1721031591,2024-10-24T12:32:25.000+07:00,472.18,10,0.07,4391.274
TX0746624,STD_1721031591,2025-02-16T12:32:27.000+07:00,421.81,10,0.05,4007.195
TX0669681,STD_1721031591,2024-04-16T12:32:25.000+07:00,466.45,10,0.09,4244.695
TX0800555,STD_1721031591,2025-02-17T12:32:28.000+07:00,479.16,10,0.02,4695.768
TX0737942,STD_1721031591,2025-03-09T12:32:26.000+07:00,476.99,10,0.09,4340.609
TX0613721,STD_1721031591,2025-01-01T12:32:23.000+07:00,476.69,10,0.02,4671.562
TX0624138,STD_1721031591,2024-12-27T12:32:23.000+07:00,478.45,10,0.1,4306.05
TX0667700,STD_1721031591,2024-10-03T12:32:25.000+07:00,498.16,9,0.09,4079.9302
TX0732684,STD_1721031591,2024-09-07T12:32:26.000+07:00,451.67,10,0.1,4065.03
TX0596407,STD_1721031591,2024-07-17T12:32:22.000+07:00,496.57,10,0.13,4320.159
TX0560087,STD_1721031591,2024-11-11T12:32:19.000+07:00,477.8,9,0.0,4300.1997
TX0759785,STD_1721031591,2024-10-10T12:32:27.000+07:00,499.9,10,0.13,4349.13
TX0682452,STD_1721031591,2025-03-31T12:32:25.000+07:00,460.85,10,0.09,4193.735
TX0646903,STD_1721031591,2024-05-06T12:32:24.000+07:00,418.58,10,0.01,4143.942
TX0604154,STD_1721031591,2024-11-14T12:32:22.000+07:00,483.17,9,0.07,4044.1333
TX0596405,STD_1721031591,2024-07-22T12:32:22.000+07:00,475.51,9,0.02,4193.998
TX0551504,STD_1721031591,2025-03-09T12:32:19.000+07:00,427.41,10,0.0,4274.1
TX0736590,STD_1721031591,2024-10-19T12:32:26.000+07:00,483.31,9,0.07,4045.3047
TX0722416,STD_1721031591,2025-02-25T12:32:26.000+07:00,456.14,9,0.0,4105.2603
TX0614960,STD_1721031591,2025-02-08T12:32:23.000+07:00,470.44,10,0.06,4422.1357
TX0682854,STD_1721031591,2024-10-10T12:32:25.000+07:00,439.61,10,0.01,4352.1387
TX0753533,STD_1721031591,2024-07-10T12:32:27.000+07:00,424.53,10,0.01,4202.8467
TX0796670,STD_1721031591,2024-08-01T12:32:28.000+07:00,485.94,10,0.1,4373.46
TX0781396,STD_1721031591,2024-10-03T12:32:28.000+07:00,461.27,9,0.04,3985.3723
TX0560005,STD_1721031591,2024-08-13T12:32:19.000+07:00,489.12,10,0.08,4499.9043
TX0776087,STD_1721031591,2024-05-29T12:32:27.000+07:00,480.86,10,0.06,4520.0835
TX0557558,STD_1721031591,2024-09-04T12:32:19.000+07:00,437.38,10,0.04,4198.8477
TX0665003,STD_1721031591,2025-02-26T12:32:25.000+07:00,488.12,9,0.04,4217.357
TX0791763,STD_1721031591,2024-07-21T12:32:28.000+07:00,495.68,9,0.01,4416.509
TX0690179,STD_1721031591,2024-07-03T12:32:25.000+07:00,470.83,10,0.06,4425.802
TX0642350,STD_1721031591,2025-03-21T12:32:24.000+07:00,485.35,10,0.05,4610.8247
TX0577052,STD_1721031591,2024-10-09T12:32:21.000+07:00,485.22,10,0.11,4318.458
TX0709551,STD_1721031591,2024-08-07T12:32:26.000+07:00,478.59,10,0.05,4546.605
TX0741679,STD_1721031591,2025-01-05T12:32:26.000+07:00,473.07,10,0.1,4257.63
TX0781558,STD_1721031591,2024-07-17T12:32:28.000+07:00,479.99,9,0.04,4147.114
TX0538430,STD_1721031591,2024-05-04T12:32:18.000+07:00,457.25,9,0.03,3991.7927
TX0626372,STD_1721031591,2024-12-10T12:32:24.000+07:00,488.99,10,0.07,4547.607
TX0692955,STD_1721031591,2024-10-21T12:32:25.000+07:00,482.53,9,0.01,4299.3423
TX0617058,STD_1721031591,2024-06-01T12:32:23.000+07:00,479.29,9,0.03,4184.2017
TX0684635,STD_1721031591,2024-09-28T12:32:25.000+07:00,494.77,9,0.1,4007.6367
TX0652531,STD_1721031591,2025-03-03T12:32:24.000+07:00,465.2,9,0.04,4019.3281
TX0723614,STD_1721031591,2025-03-19T12:32:26.000+07:00,498.1,10,0.13,4333.47
TX0713286,STD_1721031591,2024-12-05T12:32:26.000+07:00,460.84,9,0.0,4147.56
TX0742575,STD_1721031591,2025-01-06T12:32:26.000+07:00,485.79,10,0.12,4274.9517
TX0757375,STD_1721031591,2024-10-17T12:32:27.000+07:00,494.23,10,0.17,4102.1094
TX0678950,STD_1721031591,2024-09-21T12:32:25.000+07:00,492.15,9,0.08,4075.0022
TX0550655,STD_1721031591,2024-05-19T12:32:19.000+07:00,477.63,10,0.09,4346.4326
TX0704504,STD_1721031591,2024-06-16T12:32:26.000+07:00,458.36,10,0.11,4079.4036
TX0559629,STD_1721031591,2024-07-11T12:32:19.000+07:00,469.51,9,0.0,4225.59
TX0726707,STD_1721031591,2024-11-20T12:32:26.000+07:00,474.21,10,0.11,4220.469
TX0717214,STD_1721031591,2024-06-04T12:32:26.000+07:00,486.97,10,0.16,4090.5483
TX0659069,STD_1721031591,2025-03-22T12:32:24.000+07:00,425.89,10,0.05,4045.9553
TX0782936,STD_1721031591,2025-01-05T12:32:28.000+07:00,487.91,9,0.09,3995.9827
TX0570936,STD_1721031591,2024-04-15T12:32:20.000+07:00,495.36,9,0.04,4279.91
TX0566670,STD_1721031591,2024-07-25T12:32:19.000+07:00,497.41,10,0.08,4576.1724
TX0554093,STD_1721031591,2024-10-11T12:32:19.000+07:00,491.43,10,0.16,4128.012
TX0662740,STD_1721031591,2024-07-23T12:32:24.000+07:00,459.86,10,0.09,4184.7256
TX0568196,STD_1721031591,2024-07-04T12:32:19.000+07:00,495.91,10,0.08,4562.372
TX0644264,STD_1721031591,2024-08-01T12:32:24.000+07:00,450.26,10,0.09,4097.3657
TX0602933,STD_1721031591,2024-08-27T12:32:22.000+07:00,486.99,9,0.02,4295.252
TX0784919,STD_1721031591,2024-06-29T12:32:28.000+07:00,449.35,10,0.1,4044.15
TX0681978,STD_1721031591,2025-03-21T12:32:25.000+07:00,489.4,9,0.07,4096.2783
TX0555291,STD_1721031591,2024-05-05T12:32:19.000+07:00,493.8,10,0.09,4493.58
TX0546576,STD_1721031591,2024-08-04T12:32:18.000+07:00,492.42,10,0.19,3988.602
TX0801666,STD_1721031591,2024-12-20T12:32:28.000+07:00,451.5,10,0.08,4153.8003
TX0582089,STD_1721031591,2025-03-04T12:32:21.000+07:00,497.81,8,0.0,3982.48
TX0725969,STD_1721031591,2024-08-21T12:32:26.000+07:00,456.87,10,0.06,4294.578
TX0668872,STD_1721031591,2024-04-12T12:32:25.000+07:00,490.89,10,0.16,4123.4766
TX0747605,STD_1721031591,2025-03-18T12:32:27.000+07:00,499.6,10,0.05,4746.1997
TX0682147,STD_1721031591,2024-06-13T12:32:25.000+07:00,496.81,10,0.07,4620.333
TX0632641,STD_1721031591,2024-12-30T12:32:24.000+07:00,477.24,10,0.04,4581.504
TX0719836,STD_1721031591,2025-01-10T12:32:26.000+07:00,498.99,9,0.08,4131.637
TX0644482,STD_1721031591,2024-12-23T12:32:24.000+07:00,470.4,10,0.02,4609.92
TX0721744,STD_1721031591,2024-10-24T12:32:26.000+07:00,443.23,10,0.06,4166.3623
TX0655726,STD_1721031591,2024-09-18T12:32:24.000+07:00,452.16,10,0.02,4431.168
TX0549033,STD_1721031591,2024-11-16T12:32:18.000+07:00,475.02,9,0.01,4232.4277
TX0542646,STD_1721031591,2025-03-19T12:32:18.000+07:00,498.05,9,0.07,4168.678
TX0609246,STD_1721031591,2024-11-09T12:32:23.000+07:00,488.43,10,0.12,4298.1836
TX0650487,STD_1721031591,2024-11-30T12:32:24.000+07:00,497.26,9,0.01,4430.5864
TX0663965,STD_1721031591,2024-09-05T12:32:24.000+07:00,489.52,9,0.06,4141.339
TX0736780,STD_1721031591,2025-02-19T12:32:26.000+07:00,476.96,10,0.12,4197.248
TX0606584,STD_1721031591,2024-04-10T12:32:22.000+07:00,476.73,10,0.14,4099.8784
TX0737113,STD_1721031591,2025-02-01T12:32:26.000+07:00,480.5,10,0.17,3988.15
TX0695918,STD_1721031591,2024-04-15T12:32:25.000+07:00,497.77,10,0.05,4728.8145
TX0761313,STD_1721031591,2025-03-27T12:32:27.000+07:00,449.47,9,0.0,4045.23
TX0579448,STD_1721031591,2024-10-29T12:32:21.000+07:00,469.99,10,0.01,4652.901
TX0636425,STD_1721031591,2025-03-09T12:32:24.000+07:00,475.67,9,0.03,4152.5996
TX0651487,STD_1721031591,2024-07-05T12:32:24.000+07:00,482.12,10,0.08,4435.5044
TX0737771,STD_1721031591,2025-01-07T12:32:26.000+07:00,496.49,10,0.01,4915.251
TX0669860,STD_1721031591,2024-07-17T12:32:25.000+07:00,462.07,9,0.03,4033.871
TX0652686,STD_1721031591,2025-01-19T12:32:24.000+07:00,454.13,9,0.0,4087.17
TX0660392,STD_1721031591,2024-10-25T12:32:24.000+07:00,491.51,9,0.09,4025.4666
TX0547033,STD_1721031591,2024-12-14T12:32:18.000+07:00,399.9,10,0.0,3999.0
TX0765985,STD_1721031591,2024-07-24T12:32:27.000+07:00,494.38,9,0.01,4404.926
TX0638595,STD_1721031591,2024-12-06T12:32:24.000+07:00,460.33,10,0.1,4142.9697
TX0620872,STD_1721031591,2024-04-16T12:32:23.000+07:00,481.27,10,0.01,4764.5728
TX0698907,STD_1721031591,2024-07-20T12:32:25.000+07:00,468.47,10,0.08,4309.9243
TX0623348,STD_1721031591,2024-10-09T12:32:23.000+07:00,483.57,9,0.02,4265.0874
TX0723560,STD_1721031591,2025-01-23T12:32:26.000+07:00,491.95,10,0.14,4230.77
TX0644450,STD_1721031591,2025-02-26T12:32:24.000+07:00,496.96,9,0.1,4025.376
TX0641810,STD_1721031591,2024-11-16T12:32:24.000+07:00,432.19,10,0.03,4192.243
TX0730544,STD_1721031591,2024-06-07T12:32:26.000+07:00,487.62,9,0.04,4213.0366
TX0782452,STD_1721031591,2024-10-13T12:32:28.000+07:00,416.42,10,0.04,3997.632
TX0613622,STD_1721031591,2025-02-21T12:32:23.000+07:00,484.96,10,0.07,4510.128
TX0612047,STD_1721031591,2024-07-01T12:32:23.000+07:00,451.79,10,0.04,4337.1836
TX0735072,STD_1721031591,2024-11-21T12:32:26.000+07:00,493.05,10,0.12,4338.84
TX0647959,STD_1721031591,2024-10-23T12:32:24.000+07:00,497.24,10,0.08,4574.608
TX0663548,STD_1721031591,2024-09-03T12:32:24.000+07:00,499.1,9,0.09,4087.6287
TX0610402,STD_1721031591,2025-02-27T12:32:23.000+07:00,490.2,10,0.01,4852.98
TX0536577,STD_1721031591,2024-05-22T12:32:18.000+07:00,471.46,9,0.02,4158.2773
TX0664972,STD_1721031591,2025-01-30T12:32:25.000+07:00,478.09,10,0.12,4207.192
TX0573374,STD_1721031591,2025-02-12T12:32:20.000+07:00,494.59,9,0.07,4139.7183
TX0682811,STD_1721031591,2024-06-19T12:32:25.000+07:00,484.03,10,0.02,4743.494
TX0617763,STD_1721031591,2024-06-20T12:32:23.000+07:00,412.38,10,0.02,4041.324
TX0792094,STD_1721031591,2024-05-02T12:32:28.000+07:00,441.87,10,0.08,4065.2043
TX0772707,STD_1721031591,2024-12-20T12:32:27.000+07:00,489.52,10,0.18,4014.0637
TX0710524,STD_1721031591,2024-08-14T12:32:26.000+07:00,425.97,10,0.02,4174.5063
TX0774694,STD_1721031591,2025-03-05T12:32:27.000+07:00,474.83,9,0.05,4059.7961
TX0658052,STD_1721031591,2024-04-16T12:32:24.000+07:00,449.21,10,0.06,4222.574
TX0622658,STD_1721031591,2024-07-10T12:32:23.000+07:00,485.46,10,0.02,4757.5083
TX0796217,STD_1721031591,2024-04-11T12:32:28.000+07:00,475.18,9,0.0,4276.62
TX0651702,STD_1721031591,2024-05-22T12:32:24.000+07:00,451.96,10,0.1,4067.64
TX0659833,STD_1721031591,2024-06-24T12:32:24.000+07:00,455.19,10,0.02,4460.862
TX0764259,STD_1721031591,2025-02-04T12:32:27.000+07:00,428.78,10,0.07,3987.6538
TX0612039,STD_1721031591,2024-06-08T12:32:23.000+07:00,463.66,9,0.02,4089.4812
TX0617099,STD_1721031591,2024-08-28T12:32:23.000+07:00,473.45,10,0.12,4166.36
TX0723733,STD_1721031591,2024-10-13T12:32:26.000+07:00,435.06,10,0.02,4263.5884
TX0707123,STD_1721031591,2024-09-30T12:32:26.000+07:00,448.09,10,0.01,4436.091
TX0618517,STD_1721031591,2024-11-03T12:32:23.000+07:00,483.25,9,0.01,4305.7573
TX0652865,STD_1721031591,2024-12-13T12:32:24.000+07:00,441.38,10,0.04,4237.2476
TX0544937,STD_1721031591,2024-09-22T12:32:18.000+07:00,451.01,10,0.08,4149.292
TX0646885,STD_1721031591,2024-05-15T12:32:24.000+07:00,467.27,10,0.04,4485.7915
TX0792312,STD_1721031591,2024-05-01T12:32:28.000+07:00,481.51,10,0.12,4237.288
TX0649698,STD_1721031591,2024-10-22T12:32:24.000+07:00,424.86,10,0.05,4036.1697
TX0774848,STD_1721031591,2024-12-15T12:32:27.000+07:00,461.93,10,0.12,4064.984
TX0578041,STD_1721031591,2024-11-25T12:32:21.000+07:00,463.3,10,0.02,4540.3403
TX0790670,STD_1721031591,2024-06-16T12:32:28.000+07:00,478.91,10,0.14,4118.626
TX0536349,STD_1721031591,2024-07-23T12:32:18.000+07:00,457.05,10,0.03,4433.3853
TX0569361,STD_1721031591,2024-06-23T12:32:20.000+07:00,482.99,10,0.01,4781.601
TX0595928,STD_1721031591,2024-09-04T12:32:22.000+07:00,454.68,10,0.1,4092.1196
TX0684934,STD_1721031591,2024-10-31T12:32:25.000+07:00,480.81,10,0.12,4231.128
TX0606181,STD_1721031591,2024-05-03T12:32:22.000+07:00,470.3,10,0.02,4608.94
TX0674109,STD_1721031591,2024-12-22T12:32:25.000+07:00,423.12,10,0.01,4188.888
TX0797840,STD_1721031591,2024-05-17T12:32:28.000+07:00,450.68,10,0.1,4056.1196
TX0660653,STD_1721031591,2025-01-08T12:32:24.000+07:00,491.81,10,0.09,4475.4707
TX0588421,STD_1721031591,2024-04-28T12:32:21.000+07:00,487.57,10,0.16,4095.5884
TX0561209,STD_1721031591,2024-04-27T12:32:19.000+07:00,465.15,10,0.14,4000.29
TX0581970,STD_1721031591,2024-12-10T12:32:21.000+07:00,496.24,9,0.05,4242.852
TX0775778,STD_1721031591,2024-11-22T12:32:27.000+07:00,470.53,10,0.0,4705.3
TX0697472,STD_1721031591,2024-11-17T12:32:25.000+07:00,436.08,10,0.01,4317.192
TX0712695,STD_1721031591,2025-02-04T12:32:26.000+07:00,479.19,10,0.04,4600.2236
TX0662012,STD_1721031591,2024-09-09T12:32:24.000+07:00,464.08,10,0.05,4408.76
TX0683393,STD_1721031591,2025-01-27T12:32:25.000+07:00,483.01,9,0.08,3999.3228
TX0651248,STD_1721031591,2024-06-09T12:32:24.000+07:00,485.47,10,0.13,4223.5894
TX0734239,STD_1721031591,2025-04-05T12:32:26.000+07:00,451.55,9,0.02,3982.6711
TX0588792,STD_1721031591,2024-08-08T12:32:21.000+07:00,415.85,10,0.04,3992.16
TX0771516,STD_1721031591,2024-06-03T12:32:27.000+07:00,478.62,10,0.08,4403.304
TX0560814,STD_1721031591,2025-01-11T12:32:19.000+07:00,453.71,9,0.01,4042.5562
TX0623789,STD_1721031591,2024-05-09T12:32:23.000+07:00,465.34,9,0.04,4020.5376
TX0536401,STD_1721031591,2024-06-04T12:32:18.000+07:00,481.44,10,0.14,4140.384
TX0587557,STD_1721031591,2024-07-22T12:32:21.000+07:00,497.8,9,0.01,4435.398
TX0588554,STD_1721031591,2024-07-25T12:32:21.000+07:00,492.45,10,0.13,4284.315
TX0782502,STD_1721031591,2025-02-26T12:32:28.000+07:00,479.41,10,0.05,4554.395
TX0633773,STD_1721031591,2024-07-29T12:32:24.000+07:00,466.74,10,0.01,4620.726
TX0554788,STD_1721031591,2024-11-04T12:32:19.000+07:00,475.52,10,0.06,4469.8877
TX0573004,STD_1721031591,2024-07-11T12:32:20.000+07:00,468.7,9,0.04,4049.568
TX0615520,STD_1721031591,2025-03-28T12:32:23.000+07:00,457.68,10,0.12,4027.5837
TX0723878,STD_1721031591,2024-04-30T12:32:26.000+07:00,419.39,10,0.02,4110.0225
TX0778769,STD_1721031591,2024-09-15T12:32:27.000+07:00,480.9,9,0.02,4241.538
TX0673605,STD_1721031591,2024-10-06T12:32:25.000+07:00,481.18,9,0.05,4114.089
TX0537161,STD_1721031591,2024-09-29T12:32:18.000+07:00,441.4,10,0.06,4149.16
TX0754933,STD_1721031591,2025-03-11T12:32:27.000+07:00,462.75,10,0.13,4025.925
TX0775936,STD_1721031591,2024-10-14T12:32:27.000+07:00,449.75,10,0.05,4272.625
TX0546445,STD_1721031591,2024-11-22T12:32:18.000+07:00,431.56,10,0.07,4013.508
TX0765050,STD_1721031591,2024-07-23T12:32:27.000+07:00,445.71,10,0.07,4145.103
TX0735927,STD_1721031591,2025-04-05T12:32:26.000+07:00,411.65,10,0.03,3993.0051
TX0780686,STD_1721031591,2024-05-09T12:32:27.000+07:00,423.86,10,0.06,3984.2837
TX0554088,STD_1721031591,2025-02-06T12:32:19.000+07:00,491.66,10,0.13,4277.442
TX0555673,STD_1721031591,2024-09-15T12:32:19.000+07:00,479.3,10,0.08,4409.56
TX0772017,STD_1721031591,2025-03-14T12:32:27.000+07:00,493.88,9,0.06,4178.2246
TX0662131,STD_1721031591,2024-07-06T12:32:24.000+07:00,468.88,10,0.11,4173.0317
TX0691400,STD_1721031591,2024-05-14T12:32:25.000+07:00,468.49,9,0.01,4174.246
TX0660712,STD_1721031591,2025-03-26T12:32:24.000+07:00,466.56,10,0.1,4199.04
TX0658526,STD_1721031591,2024-09-28T12:32:24.000+07:00,498.27,9,0.07,4170.5195
TX0713425,STD_1721031591,2025-01-06T12:32:26.000+07:00,477.37,9,0.07,3995.587
TX0763661,STD_1721031591,2025-01-30T12:32:27.000+07:00,439.79,10,0.03,4265.963
TX0546544,STD_1721031591,2025-01-03T12:32:18.000+07:00,494.53,9,0.01,4406.262
TX0687751,STD_1721031591,2025-04-02T12:32:25.000+07:00,487.71,9,0.05,4169.9204
TX0630839,STD_1721031591,2024-12-18T12:32:24.000+07:00,484.12,9,0.01,4313.5093
TX0644749,STD_1721031591,2024-12-21T12:32:24.000+07:00,456.21,10,0.06,4288.374
TX0801676,STD_1721031591,2024-07-02T12:32:28.000+07:00,428.03,10,0.01,4237.497
TX0600268,STD_1721031591,2024-06-23T12:32:22.000+07:00,474.37,10,0.13,4127.019
TX0603158,STD_1721031591,2024-08-04T12:32:22.000+07:00,488.82,10,0.14,4203.852
TX0665280,STD_1721031591,2024-11-23T12:32:25.000+07:00,452.89,10,0.12,3985.4324
TX0759711,STD_1721031591,2024-12-13T12:32:27.000+07:00,459.81,10,0.09,4184.271
TX0567884,STD_1721031591,2024-05-27T12:32:19.000+07:00,493.78,10,0.09,4493.3975
TX0729285,STD_1721031591,2025-03-17T12:32:26.000+07:00,447.59,9,0.01,3988.027
TX0803619,STD_1721031591,2024-05-12T12:32:28.000+07:00,485.21,10,0.01,4803.579
TX0963437,STD_1721031591,2024-04-29T12:32:32.000+07:00,412.98,10,0.02,4047.2043
TX0921857,STD_1721031591,2025-04-04T12:32:31.000+07:00,474.87,10,0.03,4606.2393
TX0894714,STD_1721031591,2024-04-23T12:32:30.000+07:00,444.68,10,0.1,4002.1196
TX0925868,STD_1721031591,2024-12-02T12:32:31.000+07:00,455.6,10,0.02,4464.88
TX0953517,STD_1721031591,2024-04-23T12:32:32.000+07:00,465.95,9,0.04,4025.808
TX0908824,STD_1721031591,2024-10-28T12:32:31.000+07:00,470.85,10,0.02,4614.33
TX0953335,STD_1721031591,2025-03-12T12:32:32.000+07:00,499.74,9,0.11,4002.9175
TX0941770,STD_1721031591,2024-09-16T12:32:31.000+07:00,415.87,10,0.03,4033.9392
TX0926305,STD_1721031591,2025-04-05T12:32:31.000+07:00,432.01,10,0.03,4190.497
TX0928746,STD_1721031591,2024-09-08T12:32:31.000+07:00,498.28,9,0.06,4215.4487
TX0977661,STD_1721031591,2024-09-01T12:32:32.000+07:00,490.86,10,0.1,4417.7397
TX0814428,STD_1721031591,2024-07-23T12:32:28.000+07:00,426.11,10,0.06,4005.4336
TX0884794,STD_1721031591,2024-11-24T12:32:30.000+07:00,490.94,9,0.03,4285.9062
TX0875413,STD_1721031591,2024-12-09T12:32:30.000+07:00,487.64,10,0.12,4291.2324
TX0838564,STD_1721031591,2025-02-13T12:32:29.000+07:00,484.78,10,0.16,4072.152
TX0965709,STD_1721031591,2025-02-23T12:32:32.000+07:00,421.47,10,0.03,4088.2593
TX0938219,STD_1721031591,2024-11-03T12:32:31.000+07:00,498.88,10,0.07,4639.584
TX0897229,STD_1721031591,2024-06-14T12:32:30.000+07:00,495.83,9,0.06,4194.7217
TX0865585,STD_1721031591,2024-12-12T12:32:30.000+07:00,451.79,10,0.07,4201.647
TX0949355,STD_1721031591,2024-12-18T12:32:31.000+07:00,446.9,10,0.04,4290.2397
TX0954632,STD_1721031591,2024-07-22T12:32:32.000+07:00,473.55,10,0.1,4261.9497
TX0907178,STD_1721031591,2024-04-10T12:32:31.000+07:00,497.41,10,0.1,4476.69
TX0820205,STD_1721031591,2025-04-09T12:32:28.000+07:00,406.63,10,0.01,4025.6372
TX0990608,STD_1721031591,2024-04-14T12:32:33.000+07:00,495.35,9,0.02,4368.987
TX0818320,STD_1721031591,2025-02-20T12:32:28.000+07:00,478.67,10,0.06,4499.498
TX0937860,STD_1721031591,2024-10-18T12:32:31.000+07:00,491.01,9,0.05,4198.1353
TX0938669,STD_1721031591,2025-01-25T12:32:31.000+07:00,465.19,10,0.06,4372.786
TX0912443,STD_1721031591,2024-04-25T12:32:31.000+07:00,417.44,10,0.0,4174.4
TX0888407,STD_1721031591,2024-07-22T12:32:30.000+07:00,418.74,10,0.04,4019.9038
TX0885217,STD_1721031591,2024-06-30T12:32:30.000+07:00,460.28,10,0.11,4096.4917
TX0976669,STD_1721031591,2024-06-27T12:32:32.000+07:00,461.66,10,0.09,4201.106
TX0914292,STD_1721031591,2025-03-28T12:32:31.000+07:00,423.92,10,0.01,4196.808
TX0914993,STD_1721031591,2024-04-13T12:32:31.000+07:00,497.78,10,0.14,4280.9077
TX0883528,STD_1721031591,2025-01-10T12:32:30.000+07:00,475.87,10,0.05,4520.765
TX0816460,STD_1721031591,2025-01-19T12:32:28.000+07:00,464.84,10,0.08,4276.528
TX0978260,STD_1721031591,2024-08-25T12:32:32.000+07:00,447.33,10,0.1,4025.9697
TX0946387,STD_1721031591,2025-03-24T12:32:31.000+07:00,482.56,10,0.08,4439.5522
TX0831385,STD_1721031591,2024-04-21T12:32:29.000+07:00,488.67,10,0.18,4007.0942
TX0839704,STD_1721031591,2024-11-30T12:32:29.000+07:00,442.49,10,0.05,4203.655
TX0842943,STD_1721031591,2024-06-17T12:32:29.000+07:00,486.73,9,0.02,4292.959
TX0841166,STD_1721031591,2024-06-12T12:32:29.000+07:00,492.21,9,0.06,4164.0967
TX0874761,STD_1721031591,2024-06-17T12:32:30.000+07:00,457.44,10,0.13,3979.728
TX0901176,STD_1721031591,2025-01-05T12:32:31.000+07:00,493.01,9,0.1,3993.3809
TX0995315,STD_1721031591,2025-04-08T12:32:33.000+07:00,491.51,9,0.08,4069.7026
TX0925832,STD_1721031591,2024-05-29T12:32:31.000+07:00,478.58,10,0.1,4307.2197
TX0967368,STD_1721031591,2024-06-05T12:32:32.000+07:00,480.6,9,0.06,4065.876
TX0830993,STD_1721031591,2024-11-03T12:32:29.000+07:00,463.12,10,0.03,4492.264
TX0925016,STD_1721031591,2025-03-08T12:32:31.000+07:00,472.43,10,0.11,4204.627
TX0951270,STD_1721031591,2024-10-09T12:32:32.000+07:00,496.56,10,0.05,4717.32
TX0972843,STD_1721031591,2024-08-11T12:32:32.000+07:00,491.15,10,0.14,4223.89
TX0839273,STD_1721031591,2025-02-21T12:32:29.000+07:00,464.2,9,0.04,4010.6882
TX0812546,STD_1721031591,2024-06-30T12:32:28.000+07:00,444.78,10,0.01,4403.322
TX0873169,STD_1721031591,2024-05-08T12:32:30.000+07:00,493.96,10,0.09,4495.036
TX0824402,STD_1721031591,2025-03-13T12:32:29.000+07:00,464.65,9,0.04,4014.576
TX0969133,STD_1721031591,2024-07-31T12:32:32.000+07:00,434.27,10,0.01,4299.273
TX0965720,STD_1721031591,2024-08-01T12:32:32.000+07:00,428.37,10,0.0,4283.7
TX0942272,STD_1721031591,2024-09-13T12:32:31.000+07:00,460.62,10,0.1,4145.58
TX0893837,STD_1721031591,2025-03-20T12:32:30.000+07:00,446.78,9,0.01,3980.8098
TX0893338,STD_1721031591,2024-12-26T12:32:30.000+07:00,426.03,10,0.05,4047.2847
TX0955065,STD_1721031591,2024-12-19T12:32:32.000+07:00,469.78,9,0.02,4143.4595
TX0870258,STD_1721031591,2024-06-01T12:32:30.000+07:00,483.69,9,0.08,4004.9531
TX0896678,STD_1721031591,2024-11-07T12:32:30.000+07:00,474.1,10,0.16,3982.4402
TX0866292,STD_1721031591,2024-08-28T12:32:30.000+07:00,446.04,10,0.02,4371.192
TX0884167,STD_1721031591,2025-01-11T12:32:30.000+07:00,470.3,9,0.02,4148.046
TX0892926,STD_1721031591,2025-02-10T12:32:30.000+07:00,465.96,10,0.12,4100.448
TX0816526,STD_1721031591,2024-10-05T12:32:28.000+07:00,478.72,10,0.16,4021.2483
TX0947714,STD_1721031591,2025-03-20T12:32:31.000+07:00,449.35,10,0.04,4313.76
TX0977149,STD_1721031591,2024-06-06T12:32:32.000+07:00,474.2,10,0.14,4078.12
TX0972035,STD_1721031591,2024-08-31T12:32:32.000+07:00,445.46,10,0.0,4454.6
TX0816831,STD_1721031591,2024-09-17T12:32:28.000+07:00,496.14,9,0.07,4152.692
TX0934695,STD_1721031591,2024-12-26T12:32:31.000+07:00,489.12,10,0.14,4206.432
TX0998694,STD_1721031591,2024-05-26T12:32:33.000+07:00,492.23,10,0.18,4036.2861
TX0881931,STD_1721031591,2024-07-16T12:32:30.000+07:00,444.81,10,0.1,4003.29
TX0998682,STD_1721031591,2024-11-02T12:32:33.000+07:00,458.15,10,0.13,3985.905
TX0864619,STD_1721031591,2025-02-03T12:32:30.000+07:00,438.61,10,0.0,4386.0996
TX0987344,STD_1721031591,2024-04-14T12:32:33.000+07:00,498.57,9,0.04,4307.6445
TX0879592,STD_1721031591,2025-03-13T12:32:30.000+07:00,468.98,10,0.11,4173.9224
TX0892413,STD_1721031591,2025-04-04T12:32:30.000+07:00,492.28,9,0.08,4076.0786
TX0819131,STD_1721031591,2024-08-27T12:32:28.000+07:00,498.57,10,0.13,4337.559
TX0927134,STD_1721031591,2024-10-20T12:32:31.000+07:00,473.39,10,0.06,4449.866
TX0818314,STD_1721031591,2024-10-03T12:32:28.000+07:00,455.09,10,0.11,4050.3008
TX0948039,STD_1721031591,2024-07-24T12:32:31.000+07:00,456.7,10,0.08,4201.64
TX0985586,STD_1721031591,2024-10-23T12:32:33.000+07:00,497.2,9,0.1,4027.32
TX0846992,STD_1721031591,2024-05-09T12:32:29.000+07:00,423.45,10,0.06,3980.43
TX0934745,STD_1721031591,2025-02-28T12:32:31.000+07:00,499.18,9,0.07,4178.1367
TX0949591,STD_1721031591,2024-04-19T12:32:31.000+07:00,484.45,9,0.08,4011.2463
TX0887712,STD_1721031591,2024-10-19T12:32:30.000+07:00,438.36,10,0.09,3989.0754
TX0895364,STD_1721031591,2025-03-31T12:32:30.000+07:00,496.47,10,0.04,4766.1123
TX0980156,STD_1721031591,2025-01-02T12:32:32.000+07:00,457.57,10,0.13,3980.8591
TX0932163,STD_1721031591,2024-10-01T12:32:31.000+07:00,414.51,10,0.0,4145.1
TX0933318,STD_1721031591,2025-02-10T12:32:31.000+07:00,428.75,10,0.02,4201.75
TX0821274,STD_1721031591,2024-10-21T12:32:28.000+07:00,476.93,9,0.02,4206.523
TX0892637,STD_1721031591,2024-07-09T12:32:30.000+07:00,489.07,9,0.02,4313.597
TX0913296,STD_1721031591,2024-06-14T12:32:31.000+07:00,469.79,10,0.01,4650.921
TX0862977,STD_1721031591,2024-06-24T12:32:30.000+07:00,479.06,10,0.12,4215.728
TX0944302,STD_1721031591,2024-09-15T12:32:31.000+07:00,481.63,10,0.15,4093.855
TX0913885,STD_1721031591,2024-08-27T12:32:31.000+07:00,491.09,10,0.13,4272.483
TX0984015,STD_1721031591,2024-11-23T12:32:33.000+07:00,485.12,10,0.14,4172.032
TX0952644,STD_1721031591,2025-02-18T12:32:32.000+07:00,499.59,10,0.1,4496.3096
TX0939223,STD_1721031591,2024-12-23T12:32:31.000+07:00,451.78,10,0.08,4156.376
TX0930795,STD_1721031591,2024-10-14T12:32:31.000+07:00,427.72,10,0.06,4020.568
TX0836180,STD_1721031591,2024-09-16T12:32:29.000+07:00,426.22,10,0.04,4091.7122
TX0944735,STD_1721031591,2024-05-30T12:32:31.000+07:00,471.47,10,0.1,4243.23
TX0833490,STD_1721031591,2024-12-03T12:32:29.000+07:00,422.74,10,0.01,4185.126
TX0841760,STD_1721031591,2024-06-10T12:32:29.000+07:00,467.99,10,0.1,4211.9097
TX0947089,STD_1721031591,2025-02-10T12:32:31.000+07:00,484.79,10,0.02,4750.942
TX0897791,STD_1721031591,2024-05-08T12:32:30.000+07:00,486.08,9,0.02,4287.2256
TX0897620,STD_1721031591,2025-02-22T12:32:30.000+07:00,434.3,10,0.01,4299.57
TX0843960,STD_1721031591,2025-03-31T12:32:29.000+07:00,495.48,10,0.11,4409.772
TX0931846,STD_1721031591,2024-06-02T12:32:31.000+07:00,487.27,10,0.06,4580.338
TX0903411,STD_1721031591,2025-03-18T12:32:31.000+07:00,444.62,10,0.04,4268.352
TX0897894,STD_1721031591,2024-10-17T12:32:30.000+07:00,452.89,10,0.1,4076.0103
TX0973108,STD_1721031591,2024-07-28T12:32:32.000+07:00,491.32,10,0.03,4765.804
TX0892002,STD_1721031591,2024-12-09T12:32:30.000+07:00,488.83,9,0.06,4135.5015
TX0944533,STD_1721031591,2024-12-28T12:32:31.000+07:00,499.2,10,0.08,4592.64
TX0837882,STD_1721031591,2024-04-24T12:32:29.000+07:00,494.11,10,0.01,4891.6885
TX0889300,STD_1721031591,2024-10-24T12:32:30.000+07:00,499.11,10,0.03,4841.3667
TX0995926,STD_1721031591,2024-05-26T12:32:33.000+07:00,476.9,10,0.12,4196.72
TX0966250,STD_1721031591,2024-11-18T12:32:32.000+07:00,482.05,9,0.0,4338.4497
TX0891494,STD_1721031591,2024-06-21T12:32:30.000+07:00,419.89,10,0.0,4198.9004
TX0826800,STD_1721031591,2024-05-31T12:32:29.000+07:00,479.55,9,0.06,4056.9927
TX0859125,STD_1721031591,2024-06-18T12:32:30.000+07:00,467.32,10,0.08,4299.344
TX0872768,STD_1721031591,2025-01-19T12:32:30.000+07:00,476.77,10,0.15,4052.545
TX0823931,STD_1721031591,2025-04-05T12:32:29.000+07:00,417.09,10,0.04,4004.0637
TX0936883,STD_1721031591,2024-04-27T12:32:31.000+07:00,496.83,9,0.1,4024.3228
TX0821152,STD_1721031591,2024-10-18T12:32:28.000+07:00,487.02,10,0.03,4724.0938
TX0925679,STD_1721031591,2025-03-06T12:32:31.000+07:00,452.7,10,0.11,4029.03
TX0813331,STD_1721031591,2024-12-02T12:32:28.000+07:00,445.84,10,0.09,4057.1438
TX0904768,STD_1721031591,2024-12-10T12:32:31.000+07:00,496.28,10,0.13,4317.6357
TX0934761,STD_1721031591,2025-01-12T12:32:31.000+07:00,470.74,10,0.1,4236.6597
TX0970252,STD_1721031591,2024-07-30T12:32:32.000+07:00,490.37,10,0.05,4658.515
TX0922596,STD_1721031591,2024-05-04T12:32:31.000+07:00,491.49,10,0.14,4226.814
TX0878813,STD_1721031591,2024-07-12T12:32:30.000+07:00,490.17,9,0.08,4058.608
TX0987375,STD_1721031591,2024-12-05T12:32:33.000+07:00,499.12,10,0.16,4192.6084
TX0934299,STD_1721031591,2024-10-09T12:32:31.000+07:00,471.87,9,0.06,3992.0203
TX0900458,STD_1721031591,2024-10-04T12:32:31.000+07:00,473.43,10,0.07,4402.899
TX0907306,STD_1721031591,2024-08-07T12:32:31.000+07:00,495.97,10,0.08,4562.9243
TX0849034,STD_1721031591,2025-01-28T12:32:29.000+07:00,476.54,10,0.08,4384.168
TX0937578,STD_1721031591,2024-09-20T12:32:31.000+07:00,470.82,10,0.1,4237.38
TX0911626,STD_1721031591,2024-11-04T12:32:31.000+07:00,428.24,10,0.03,4153.928
TX0886463,STD_1721031591,2025-03-13T12:32:30.000+07:00,472.87,10,0.01,4681.413
TX0849660,STD_1721031591,2024-04-09T12:32:29.000+07:00,461.85,10,0.12,4064.28
TX0888192,STD_1721031591,2024-05-10T12:32:30.000+07:00,470.15,9,0.01,4189.0366
TX0853326,STD_1721031591,2024-04-22T12:32:29.000+07:00,493.3,9,0.05,4217.715
TX0939042,STD_1721031591,2024-06-03T12:32:31.000+07:00,462.93,10,0.03,4490.421
TX0971078,STD_1721031591,2024-12-14T12:32:32.000+07:00,458.1,9,0.01,4081.671
TX0919907,STD_1721031591,2024-04-22T12:32:31.000+07:00,476.6,10,0.16,4003.4402
TX0878007,STD_1721031591,2024-04-14T12:32:30.000+07:00,438.06,10,0.01,4336.794
TX0835549,STD_1721031591,2024-08-21T12:32:29.000+07:00,489.41,10,0.17,4062.103
TX0869238,STD_1721031591,2024-10-11T12:32:30.000+07:00,480.32,10,0.1,4322.88
TX0937337,STD_1721031591,2025-03-30T12:32:31.000+07:00,473.76,9,0.04,4093.2861
TX0822043,STD_1721031591,2024-09-13T12:32:28.000+07:00,451.07,10,0.01,4465.5933
TX0978095,STD_1721031591,2024-12-25T12:32:32.000+07:00,434.07,10,0.0,4340.7
TX0996150,STD_1721031591,2024-12-08T12:32:33.000+07:00,461.66,10,0.13,4016.4421
TX0991572,STD_1721031591,2025-02-21T12:32:33.000+07:00,480.15,10,0.12,4225.32
TX0979676,STD_1721031591,2025-04-03T12:32:32.000+07:00,493.93,10,0.16,4149.012
TX0904350,STD_1721031591,2024-06-11T12:32:31.000+07:00,464.48,10,0.04,4459.0083
TX0826130,STD_1721031591,2024-05-21T12:32:29.000+07:00,452.88,10,0.12,3985.3438
TX0987264,STD_1721031591,2024-07-24T12:32:33.000+07:00,495.58,9,0.05,4237.2085
TX0866166,STD_1721031591,2025-03-16T12:32:30.000+07:00,437.68,10,0.06,4114.192
TX0945740,STD_1721031591,2024-10-10T12:32:31.000+07:00,446.58,10,0.05,4242.51
TX0990301,STD_1721031591,2024-05-31T12:32:33.000+07:00,442.05,10,0.04,4243.6797
TX0974495,STD_1721031591,2024-07-23T12:32:32.000+07:00,430.16,10,0.03,4172.5522
TX0842167,STD_1721031591,2025-02-25T12:32:29.000+07:00,491.62,9,0.03,4291.843
TX0967828,STD_1721031591,2024-07-28T12:32:32.000+07:00,481.54,10,0.1,4333.86
TX0829480,STD_1721031591,2024-08-19T12:32:29.000+07:00,443.47,10,0.03,4301.659
TX0896777,STD_1721031591,2024-05-18T12:32:30.000+07:00,488.71,10,0.03,4740.4873
TX0834329,STD_1721031591,2024-07-28T12:32:29.000+07:00,464.82,10,0.09,4229.862
TX0902493,STD_1721031591,2025-01-13T12:32:31.000+07:00,460.57,10,0.1,4145.13
TX0964996,STD_1721031591,2024-12-25T12:32:32.000+07:00,498.78,9,0.05,4264.569
TX0816010,STD_1721031591,2025-03-31T12:32:28.000+07:00,495.88,10,0.02,4859.624
TX0907924,STD_1721031591,2024-04-25T12:32:31.000+07:00,481.77,9,0.05,4119.1333
TX0993211,STD_1721031591,2025-02-17T12:32:33.000+07:00,497.74,10,0.01,4927.626
TX0829639,STD_1721031591,2024-11-12T12:32:29.000+07:00,482.74,9,0.0,4344.66
TX0900818,STD_1721031591,2024-09-21T12:32:31.000+07:00,433.62,10,0.02,4249.476
TX0809581,STD_1721031591,2025-02-01T12:32:28.000+07:00,475.5,9,0.01,4236.705
TX0865042,STD_1721031591,2025-03-11T12:32:30.000+07:00,479.1,9,0.06,4053.1858
TX0829947,STD_1721031591,2025-02-28T12:32:29.000+07:00,468.27,10,0.06,4401.738
TX0834928,STD_1721031591,2024-06-28T12:32:29.000+07:00,497.43,10,0.08,4576.356
TX0882078,STD_1721031591,2024-05-26T12:32:30.000+07:00,470.92,10,0.05,4473.74
TX0840436,STD_1721031591,2024-07-06T12:32:29.000+07:00,466.71,10,0.09,4247.061
TX0849437,STD_1721031591,2025-01-06T12:32:29.000+07:00,485.83,10,0.14,4178.1377
TX0827249,STD_1721031591,2024-05-16T12:32:29.000+07:00,476.66,10,0.07,4432.938
TX0860141,STD_1721031591,2024-12-05T12:32:30.000+07:00,480.71,10,0.06,4518.6743
TX0995987,STD_1721031591,2024-07-12T12:32:33.000+07:00,449.79,10,0.01,4452.921
TX0814021,STD_1721031591,2024-06-13T12:32:28.000+07:00,481.65,10,0.14,4142.19
TX0884477,STD_1721031591,2024-04-09T12:32:30.000+07:00,466.74,10,0.07,4340.682
TX0892243,STD_1721031591,2024-11-02T12:32:30.000+07:00,498.63,10,0.03,4836.711
TX0946149,STD_1721031591,2024-12-21T12:32:31.000+07:00,419.56,10,0.04,4027.7761
TX0845789,STD_1721031591,2024-04-17T12:32:29.000+07:00,476.58,10,0.03,4622.826
TX0977765,STD_1721031591,2024-09-19T12:32:32.000+07:00,434.33,10,0.03,4213.001
TX0936080,STD_1721031591,2024-07-25T12:32:31.000+07:00,497.64,9,0.06,4210.0347
TX0975189,STD_1721031591,2025-03-22T12:32:32.000+07:00,447.4,10,0.05,4250.3
TX0979680,STD_1721031591,2025-03-20T12:32:32.000+07:00,476.57,10,0.05,4527.415
TX0947434,STD_1721031591,2024-06-08T12:32:31.000+07:00,410.03,10,0.02,4018.294
TX0959108,STD_1721031591,2024-09-26T12:32:32.000+07:00,490.85,10,0.06,4613.9897
TX0883848,STD_1721031591,2025-03-18T12:32:30.000+07:00,483.13,10,0.17,4009.9788
TX0911985,STD_1721031591,2024-09-25T12:32:31.000+07:00,496.12,9,0.01,4420.429
TX0804868,STD_1721031591,2024-06-04T12:32:28.000+07:00,493.76,10,0.19,3999.456
TX0863747,STD_1721031591,2025-02-12T12:32:30.000+07:00,450.98,10,0.0,4509.8003
TX0858445,STD_1721031591,2025-01-09T12:32:30.000+07:00,479.27,10,0.13,4169.649
TX0965237,STD_1721031591,2024-08-08T12:32:32.000+07:00,496.62,10,0.05,4717.89
TX0928182,STD_1721031591,2025-01-24T12:32:31.000+07:00,446.99,10,0.09,4067.6086
TX0838042,STD_1721031591,2024-04-10T12:32:29.000+07:00,441.38,10,0.07,4104.834
TX0952897,STD_1721031591,2025-02-11T12:32:32.000+07:00,498.93,10,0.16,4191.012
TX0857082,STD_1721031591,2024-09-09T12:32:30.000+07:00,474.81,10,0.09,4320.771
TX0874747,STD_1721031591,2024-10-15T12:32:30.000+07:00,432.43,10,0.07,4021.5989
TX0865231,STD_1721031591,2025-02-25T12:32:30.000+07:00,468.63,10,0.02,4592.5737
TX0827047,STD_1721031591,2025-02-21T12:32:29.000+07:00,486.98,10,0.02,4772.4043
TX0896639,STD_1721031591,2024-06-23T12:32:30.000+07:00,453.22,10,0.01,4486.8784
TX0893586,STD_1721031591,2024-04-24T12:32:30.000+07:00,442.54,10,0.08,4071.368
TX0862864,STD_1721031591,2024-08-24T12:32:30.000+07:00,475.86,10,0.03,4615.842
TX0803761,STD_1721031591,2024-07-04T12:32:28.000+07:00,492.28,10,0.07,4578.2036
TX0827944,STD_1721031591,2024-10-20T12:32:29.000+07:00,450.28,9,0.0,4052.52
TX0813751,STD_1721031591,2024-10-03T12:32:28.000+07:00,464.7,10,0.04,4461.12
TX0989549,STD_1721031591,2024-07-05T12:32:33.000+07:00,442.01,9,0.0,3978.09
TX0907637,STD_1721031591,2024-05-31T12:32:31.000+07:00,442.2,10,0.1,3979.7998
TX0944257,STD_1721031591,2024-07-02T12:32:31.000+07:00,436.7,10,0.03,4235.99
TX0842749,STD_1721031591,2025-03-26T12:32:29.000+07:00,449.88,10,0.06,4228.8716
TX0960511,STD_1721031591,2024-10-16T12:32:32.000+07:00,462.92,10,0.07,4305.1562
TX0955484,STD_1721031591,2024-07-31T12:32:32.000+07:00,474.11,10,0.08,4361.8115
TX0816453,STD_1721031591,2024-10-24T12:32:28.000+07:00,467.24,10,0.11,4158.436
TX0986533,STD_1721031591,2025-04-07T12:32:33.000+07:00,427.62,10,0.03,4147.9146
TX0872466,STD_1721031591,2024-06-01T12:32:30.000+07:00,419.07,10,0.03,4064.9792
TX0911852,STD_1721031591,2024-06-21T12:32:31.000+07:00,454.52,10,0.03,4408.8438
TX0959582,STD_1721031591,2024-07-15T12:32:32.000+07:00,499.72,10,0.18,4097.704
TX0874141,STD_1721031591,2024-07-30T12:32:30.000+07:00,405.56,10,0.01,4015.0442
TX0944479,STD_1721031591,2024-12-28T12:32:31.000+07:00,496.83,10,0.03,4819.251
TX0834351,STD_1721031591,2024-04-30T12:32:29.000+07:00,493.98,10,0.1,4445.8203
TX0866812,STD_1721031591,2024-04-16T12:32:30.000+07:00,475.24,10,0.1,4277.1597
TX0875964,STD_1721031591,2024-11-05T12:32:30.000+07:00,441.53,10,0.09,4017.9226
TX0980329,STD_1721031591,2024-10-17T12:32:32.000+07:00,492.74,10,0.19,3991.1938
TX0921613,STD_1721031591,2025-03-26T12:32:31.000+07:00,479.68,9,0.05,4101.264
TX0860819,STD_1721031591,2024-04-28T12:32:30.000+07:00,476.17,9,0.05,4071.2537
TX0885669,STD_1721031591,2024-04-22T12:32:30.000+07:00,490.56,10,0.06,4611.264
TX0893842,STD_1721031591,2024-12-21T12:32:30.000+07:00,499.85,10,0.17,4148.755
TX0897624,STD_1721031591,2024-09-26T12:32:30.000+07:00,449.91,10,0.09,4094.181
TX0822161,STD_1721031591,2024-09-24T12:32:28.000+07:00,444.43,10,0.03,4310.9707
TX0985240,STD_1721031591,2024-08-04T12:32:33.000+07:00,463.98,9,0.01,4134.062
TX0904612,STD_1721031591,2024-06-05T12:32:31.000+07:00,476.64,10,0.09,4337.4243
TX0959103,STD_1721031591,2024-08-13T12:32:32.000+07:00,470.86,10,0.09,4284.8257
TX0894756,STD_1721031591,2024-10-10T12:32:30.000+07:00,464.26,10,0.04,4456.896
TX0835395,STD_1721031591,2025-02-07T12:32:29.000+07:00,468.59,9,0.03,4090.7908
TX0865263,STD_1721031591,2024-12-30T12:32:30.000+07:00,441.42,10,0.03,4281.7744
TX0833499,STD_1721031591,2024-05-04T12:32:29.000+07:00,446.61,10,0.07,4153.4727
TX0809878,STD_1721031591,2024-10-11T12:32:28.000+07:00,465.0,10,0.1,4185.0
TX0897481,STD_1721031591,2025-01-27T12:32:30.000+07:00,497.7,10,0.2,3981.6
TX0893379,STD_1721031591,2024-10-01T12:32:30.000+07:00,493.46,10,0.16,4145.0645
TX0968582,STD_1721031591,2024-07-09T12:32:32.000+07:00,478.92,10,0.0,4789.2
TX0964872,STD_1721031591,2024-12-07T12:32:32.000+07:00,492.67,10,0.17,4089.1611
TX0815326,STD_1721031591,2024-05-04T12:32:28.000+07:00,476.1,10,0.05,4522.9497
TX0989844,STD_1721031591,2024-06-18T12:32:33.000+07:00,485.63,10,0.01,4807.737
TX0879874,STD_1721031591,2024-12-04T12:32:30.000+07:00,480.75,9,0.04,4153.6797
TX0824233,STD_1721031591,2024-04-25T12:32:29.000+07:00,474.09,10,0.14,4077.174
TX0854822,STD_1721031591,2024-11-05T12:32:29.000+07:00,466.26,10,0.06,4382.844
TX0942825,STD_1721031591,2025-02-26T12:32:31.000+07:00,421.0,10,0.01,4167.9
TX0982876,STD_1721031591,2025-04-03T12:32:33.000+07:00,421.97,10,0.02,4135.306
TX0932342,STD_1721031591,2024-06-16T12:32:31.000+07:00,485.38,10,0.16,4077.192
TX0986470,STD_1721031591,2024-10-08T12:32:33.000+07:00,485.42,10,0.0,4854.2
TX0916364,STD_1721031591,2024-12-04T12:32:31.000+07:00,458.98,10,0.0,4589.8003
TX0935515,STD_1721031591,2024-12-28T12:32:31.000+07:00,429.14,10,0.02,4205.5723
TX0947938,STD_1721031591,2024-10-03T12:32:31.000+07:00,479.95,9,0.01,4276.355
TX0866615,STD_1721031591,2025-02-22T12:32:30.000+07:00,472.94,10,0.08,4351.048
TX0920819,STD_1721031591,2024-05-12T12:32:31.000+07:00,426.52,10,0.01,4222.548
TX0868103,STD_1721031591,2024-10-27T12:32:30.000+07:00,499.16,9,0.03,4357.667
TX0805573,STD_1721031591,2024-09-11T12:32:28.000+07:00,472.16,10,0.09,4296.656
TX0822299,STD_1721031591,2025-02-04T12:32:29.000+07:00,492.99,10,0.12,4338.312
TX0816128,STD_1721031591,2025-02-11T12:32:28.000+07:00,471.8,10,0.13,4104.66
TX0890036,STD_1721031591,2024-05-22T12:32:30.000+07:00,426.54,10,0.06,4009.4758
TX0888139,STD_1721031591,2024-10-24T12:32:30.000+07:00,496.44,10,0.04,4765.8237
TX0867666,STD_1721031591,2024-07-24T12:32:30.000+07:00,476.25,10,0.02,4667.25
TX0892107,STD_1721031591,2024-12-02T12:32:30.000+07:00,419.2,10,0.03,4066.2402
TX0939383,STD_1721031591,2024-06-30T12:32:31.000+07:00,464.42,10,0.13,4040.454
TX0923186,STD_1721031591,2024-11-22T12:32:31.000+07:00,456.01,10,0.1,4104.09
TX0876784,STD_1721031591,2024-04-15T12:32:30.000+07:00,499.84,9,0.06,4228.6465
TX0947623,STD_1721031591,2024-12-21T12:32:31.000+07:00,474.59,10,0.08,4366.228
TX0874162,STD_1721031591,2024-10-27T12:32:30.000+07:00,498.15,10,0.09,4533.165
TX0993247,STD_1721031591,2024-09-14T12:32:33.000+07:00,463.38,10,0.06,4355.772
TX0926101,STD_1721031591,2025-01-30T12:32:31.000+07:00,488.28,9,0.09,3999.0132
TX0873120,STD_1721031591,2024-09-09T12:32:30.000+07:00,486.69,10,0.01,4818.231
TX0934751,STD_1721031591,2024-09-17T12:32:31.000+07:00,451.83,10,0.02,4427.934
TX0924571,STD_1721031591,2025-03-01T12:32:31.000+07:00,498.59,10,0.19,4038.5789
TX0897491,STD_1721031591,2024-08-12T12:32:30.000+07:00,464.84,9,0.01,4141.7246
TX0820022,STD_1721031591,2024-11-01T12:32:28.000+07:00,484.6,10,0.17,4022.18
TX0951816,STD_1721031591,2024-10-16T12:32:32.000+07:00,483.08,9,0.02,4260.7656
TX0855206,STD_1721031591,2024-11-01T12:32:29.000+07:00,452.54,10,0.12,3982.3518
TX0966649,STD_1721031591,2025-01-22T12:32:32.000+07:00,487.36,9,0.08,4035.3406
